longitude,latitude,worldcover_label,eligible_land,olive_model_score,olive_model_class,olive_rule_score,olive_soil_component,olive_water_component,olive_heat_component,olive_vegetation_component,olive_terrain_component
36.82395604855597,33.34930097046425,40,1,50.61,2,43.77,60.0,0.0,100.0,0.0,7.74
36.48887843975205,33.98321926645842,60,1,90.91,4,91.38,83.06,100.0,100.0,100.0,64.62
36.90859791991138,33.45644809149127,40,1,60.87,2,61.69,69.56,39.77,100.0,0.0,78.72
36.14417734788765,34.261652500848335,30,1,96.71,4,96.89,100.0,100.0,100.0,100.0,68.88
37.02562235163676,33.87868382651237,40,1,67.03,3,65.45,61.67,21.09,100.0,64.17,81.09
36.81113970199035,34.724963920247994,40,1,93.08,4,93.27,89.7,100.0,100.0,100.0,63.64
36.83606430527695,33.76065039137291,40,1,79.56,3,80.72,81.37,91.03,100.0,32.0,83.07
36.17811363267554,34.41188820541424,60,1,90.63,4,91.72,79.25,100.0,100.0,100.0,79.48
36.500385937895565,33.987759088247856,40,1,86.56,4,86.89,69.01,96.78,100.0,95.11,75.66
36.42079802423258,34.30592208180685,40,1,89.67,4,90.38,78.76,100.0,100.0,100.0,67.55
36.9767649888486,34.20951257074559,60,1,89.89,4,90.22,77.85,100.0,100.0,100.0,68.68
36.69386512008066,34.006454356414395,40,1,84.69,4,84.79,61.2,100.0,100.0,100.0,64.29
36.872761613270825,34.7700977513991,10,1,91.02,4,91.26,89.22,100.0,100.0,100.0,44.98
36.49341419882733,33.79834182840793,10,1,81.15,4,80.39,60.05,65.0,100.0,100.0,93.76
36.27723872178478,33.533576801998834,60,1,81.58,4,79.36,83.62,79.31,100.0,69.08,30.51
36.60458478701583,34.334950497407725,40,1,93.82,4,94.07,84.99,100.0,100.0,100.0,85.78
36.11381725610417,34.603612098092654,60,1,98.16,4,98.45,100.0,100.0,100.0,100.0,84.49
36.877631171992576,33.314405983903875,20,1,67.28,3,64.23,68.85,5.37,100.0,85.43,46.84
36.68166439912206,33.96941230147629,40,1,75.65,3,75.88,71.18,91.47,100.0,15.37,89.24
37.0206980243949,34.836892346396205,40,1,91.69,4,91.86,83.33,100.0,100.0,100.0,68.56
36.94312112132219,34.10026209855559,10,1,92.33,4,92.33,84.67,100.0,100.0,100.0,69.3
36.82838349707376,34.30599315008185,40,1,82.46,4,81.62,68.88,93.54,100.0,100.0,22.49
36.24463870785196,33.733968449820686,40,1,95.99,4,96.35,93.72,100.0,100.0,100.0,82.38
36.51672100372703,34.76605695946559,30,1,95.03,4,96.35,99.33,100.0,100.0,100.0,65.47
36.09380376578723,33.836136781690456,20,1,87.95,4,88.42,75.71,100.0,100.0,100.0,57.09
36.204289492067545,34.431617140298606,60,1,95.1,4,96.28,100.0,100.0,100.0,100.0,62.78
36.73304895324245,33.89502432659053,10,1,67.45,3,69.25,65.09,59.24,100.0,35.7,75.19
36.79476215590781,34.1489102881008,40,1,91.8,4,92.54,77.56,100.0,100.0,100.0,92.75
37.017509732434206,34.40165205603447,40,1,87.86,4,88.73,65.23,100.0,100.0,100.0,91.61
36.37582535813815,34.06429464280217,60,1,91.36,4,93.01,95.71,100.0,100.0,100.0,43.01
36.42045970603487,34.701338123055216,40,1,89.05,4,89.0,71.78,100.0,100.0,100.0,74.66
36.51955581127581,33.920881580684494,30,1,73.32,3,72.48,61.3,92.59,100.0,27.52,64.49
36.23947135908429,34.28531487702932,10,1,88.37,4,88.45,76.89,100.0,100.0,100.0,53.82
36.17992150533547,33.79777989328009,30,1,87.38,4,86.99,88.7,65.0,100.0,100.0,73.84
36.525704926225934,33.90305066916962,20,1,93.16,4,93.71,83.53,100.0,100.0,100.0,86.52
36.71981399468251,33.451291229299656,30,1,63.91,2,63.9,75.65,26.78,100.0,10.43,92.84
36.48715191887233,33.39675788649441,10,1,66.0,3,63.36,66.36,22.7,100.0,57.79,52.38
36.750265102002245,34.29882838134888,10,1,95.39,4,95.66,93.79,100.0,100.0,100.0,75.18
36.36236664138204,34.31065554273615,10,1,90.56,4,90.75,79.76,100.0,100.0,100.0,68.18
36.8822598013952,33.281626312548305,40,1,68.18,3,62.33,60.0,11.17,100.0,100.0,20.99
36.8547643574968,33.77247494827485,10,1,76.77,3,77.76,73.94,100.0,100.0,17.29,79.86
36.437478379030175,33.56649575561472,10,1,66.64,3,66.63,77.38,65.21,100.0,17.8,27.08
36.1897524836093,33.64468860356184,40,1,75.04,3,74.91,72.01,95.3,100.0,13.05,72.94
36.24990820247511,34.31855865415678,40,1,92.45,4,92.92,84.46,100.0,100.0,100.0,75.83
36.057362269751,33.45698048553324,10,1,69.85,3,70.03,75.91,12.73,100.0,96.69,52.08
36.71485085659203,33.471847193973474,40,1,79.95,3,79.1,81.59,36.12,100.0,100.0,74.01
36.75516537862633,33.703633226558765,10,1,80.34,4,80.59,72.92,65.0,100.0,100.0,57.15
36.83072903102197,34.329578475758844,30,1,86.7,4,86.95,75.08,100.0,100.0,77.9,77.46
36.508915775538334,34.706523056296405,40,1,92.45,4,92.18,91.49,100.0,100.0,91.14,60.64
36.61874119595289,33.5740358526787,10,1,78.97,3,79.37,78.31,54.54,100.0,98.17,52.4
36.189796998127655,34.11732645592115,20,1,91.38,4,91.95,88.15,100.0,100.0,100.0,55.02
36.16453007353597,34.37222576198949,30,1,94.33,4,94.38,91.62,100.0,100.0,100.0,68.94
36.71840296179047,34.77467594957691,40,1,88.51,4,88.75,71.45,100.0,100.0,100.0,73.19
36.52109620614313,34.22609677261948,10,1,82.07,4,81.23,60.0,93.18,100.0,100.0,45.98
36.615236106481184,33.65817108964381,40,1,67.24,3,68.82,82.09,69.09,100.0,11.6,36.33
36.81499885741602,34.2507650510623,20,1,89.4,4,89.74,81.06,100.0,100.0,100.0,54.19
36.68471832000058,33.76278585868483,40,1,77.02,3,74.2,70.77,35.0,100.0,100.0,59.69
36.60357940065799,34.81180542510673,20,1,93.75,4,93.8,93.72,100.0,100.0,100.0,56.82
36.60920716074541,33.88948181626182,30,1,79.9,3,84.27,91.69,71.75,100.0,52.78,94.99
36.35395009806261,34.346684353217626,40,1,90.04,4,89.83,95.99,100.0,100.0,100.0,10.36
36.08081783456794,33.287164131754814,40,1,71.55,3,70.34,78.72,36.43,100.0,57.93,57.43
36.48671738923236,33.890098313815606,10,1,75.35,3,76.3,66.37,100.0,100.0,27.85,72.09
36.26458467281952,34.65017218131602,40,1,89.83,4,89.89,80.88,100.0,100.0,100.0,56.24
36.903403073268166,33.96030861823356,20,1,64.59,2,66.49,77.78,64.95,100.0,0.0,51.63
36.28393948586534,34.747499999097165,40,1,94.15,4,94.92,99.69,100.0,100.0,100.0,50.19
36.108302741689066,34.616375001835564,40,1,96.93,4,97.28,100.0,100.0,100.0,100.0,72.79
36.34359375776668,34.121277443266145,40,1,90.45,4,90.98,78.02,95.94,100.0,100.0,83.86
36.711916514726894,34.03371880974794,60,1,80.82,4,76.95,69.4,70.75,100.0,100.0,19.86
36.60703215234128,34.26152400018378,40,1,84.13,4,84.41,71.28,95.83,100.0,100.0,38.64
36.83389820910641,33.78457802713401,40,1,80.68,4,80.28,68.35,86.18,100.0,68.34,72.92
36.71431354032738,33.64072800122542,20,1,83.64,4,83.33,60.0,100.0,100.0,100.0,53.26
36.45638686144007,34.71027493640886,40,1,96.96,4,96.98,100.0,100.0,100.0,100.0,69.79
36.864020384666034,34.72819919919761,10,1,89.02,4,89.54,71.24,100.0,100.0,100.0,81.65
36.2169729199077,34.599316617219166,30,1,91.69,4,91.69,85.85,100.0,100.0,100.0,59.36
36.07271207313386,34.8151270892233,20,1,88.12,4,88.92,74.02,100.0,100.0,100.0,67.17
36.14004786077564,34.4419864412475,40,1,92.24,4,92.52,88.9,100.0,100.0,100.0,58.53
36.772359350596446,34.4734675656992,40,1,87.37,4,86.33,80.59,100.0,100.0,100.0,21.58
36.511877230251386,34.470144147140225,60,1,90.51,4,90.82,79.66,100.0,100.0,100.0,69.18
36.2112717790336,34.018972209507695,20,1,88.54,4,89.69,70.43,100.0,100.0,100.0,85.61
36.55104477510336,33.980323511222835,60,1,79.18,3,80.99,75.46,96.15,100.0,34.29,89.77
36.49615627557403,33.71291221776374,40,1,91.9,4,94.15,90.44,89.85,100.0,100.0,90.45
36.43102122609648,33.662493455523766,20,1,81.08,4,82.31,73.51,69.28,100.0,100.0,64.05
36.68028259311889,33.90597182116007,40,1,83.79,4,83.95,68.75,89.79,100.0,100.0,53.61
36.41181261055339,33.60017057407141,40,1,63.71,2,63.87,63.77,59.38,100.0,0.0,78.65
36.1376499193161,34.55568962680453,20,1,88.56,4,86.28,87.59,100.0,100.0,100.0,0.0
36.16800590212051,34.626911870871005,10,1,93.5,4,88.16,100.0,100.0,100.0,43.04,67.06
37.01189766454951,33.51831923148445,20,1,59.38,2,56.97,61.58,20.73,100.0,3.49,88.21
36.958580690707606,33.26201125248,40,1,54.32,2,52.65,64.42,0.0,100.0,0.0,83.25
36.749707133810745,33.787807949647,30,1,67.84,3,68.18,62.93,57.16,100.0,33.17,78.95
36.31586996145952,34.52601733708921,60,1,82.92,4,82.77,60.0,100.0,100.0,100.0,47.66
37.01917637734772,34.59267818597492,10,1,89.0,4,89.19,72.6,100.0,100.0,100.0,74.09
36.82875090396579,33.47132651218568,10,1,64.05,2,63.7,87.73,29.56,100.0,0.0,64.73
36.76689018915899,34.48893744189288,30,1,87.77,4,88.38,86.49,86.49,100.0,100.0,51.35
36.499361502143785,33.43512666769509,10,1,85.1,4,84.37,83.34,58.77,100.0,100.0,76.15
36.32224156184515,33.87410014425045,30,1,84.14,4,85.3,72.76,78.75,100.0,100.0,77.19
36.1463909621535,34.84777522401907,40,1,88.4,4,88.81,69.84,100.0,100.0,100.0,78.57
36.505776289833605,33.4963417321242,20,1,71.49,3,74.43,72.48,68.82,100.0,31.61,91.82
36.25236336479523,33.92648053207487,20,1,92.52,4,93.23,79.7,100.0,100.0,100.0,93.17
36.35595662415065,34.24146964155178,40,1,91.48,4,91.47,81.02,100.0,100.0,100.0,71.66
36.62921956894189,34.74264125186121,20,1,90.35,4,89.8,80.93,94.07,100.0,100.0,67.04
36.22677278293923,34.819313832852856,40,1,94.1,4,94.9,99.69,100.0,100.0,100.0,49.92
36.90661428409237,33.36142501854623,40,1,67.95,3,66.67,60.0,78.46,100.0,0.0,79.73
36.769462955950935,34.51518075823359,10,1,90.89,4,90.44,83.09,100.0,100.0,70.7,99.06
36.4820930397751,33.683011443633376,60,1,82.93,4,83.42,68.24,90.33,100.0,68.95,95.39
36.67730884070244,34.66575849521018,60,1,90.1,4,90.26,76.04,100.0,100.0,100.0,74.49
36.634097968912734,34.31152521156654,10,1,87.77,4,88.65,75.51,100.0,100.0,100.0,59.99
36.69984660155482,33.42895168380908,40,1,66.03,3,67.11,83.55,42.35,100.0,0.0,85.76
36.13444432113989,34.58204685587841,30,1,96.9,4,96.91,98.7,100.0,100.0,100.0,72.99
36.46580740217061,33.53217020801292,20,1,64.2,2,67.42,79.25,52.58,100.0,0.0,81.27
36.09161417386189,33.92759263148745,60,1,85.64,4,88.15,71.59,86.52,100.0,100.0,93.66
36.54399081924451,34.13349588569493,10,1,88.03,4,87.58,64.23,100.0,100.0,100.0,83.12
36.379861212332784,34.051225838528445,20,1,94.18,4,94.75,88.42,100.0,100.0,100.0,82.26
36.19452418886604,34.34786066498424,10,1,96.43,4,96.72,92.73,100.0,100.0,100.0,89.02
36.15340296772255,34.29429877579081,40,1,91.85,4,92.13,85.1,100.0,100.0,100.0,65.99
36.22059296853688,34.8490750547587,40,1,87.36,4,87.22,77.57,100.0,100.0,93.32,49.56
36.97512011837679,34.076335044217025,40,1,79.63,3,78.73,81.01,43.09,100.0,94.28,66.65
36.63106113970039,33.40231853913738,10,1,57.96,2,60.12,77.34,45.79,100.0,0.0,27.57
36.39686980453484,34.41454927834995,40,1,89.74,4,90.27,76.89,100.0,100.0,100.0,72.03
36.640915491481415,34.81266252514654,30,1,91.45,4,92.09,79.67,100.0,100.0,100.0,81.91
36.07280387102969,33.759322220206435,40,1,87.4,4,87.41,88.37,79.2,100.0,100.0,50.59
37.00855921324144,33.98793421734012,40,1,76.67,3,76.83,65.19,51.66,100.0,100.0,69.41
36.5323034369429,33.92964307970473,60,1,92.84,4,92.92,91.61,95.29,100.0,100.0,63.78
36.83273522725028,33.33227064729109,40,1,56.19,2,56.69,62.21,1.84,100.0,25.86,87.75
36.13272999992243,34.32562308995751,40,1,91.52,4,91.4,80.83,100.0,100.0,100.0,71.51
36.53665833083816,33.81534031210955,40,1,83.03,4,83.85,73.57,68.09,100.0,100.0,81.59
36.54070699435452,34.5099421994104,10,1,91.4,4,91.91,79.69,100.0,100.0,100.0,80.03
36.98782645497498,34.58139212045118,40,1,91.95,4,92.48,90.77,100.0,100.0,100.0,52.52
36.62172805237607,34.563969258556554,40,1,94.41,4,94.4,91.7,100.0,100.0,100.0,68.86
36.52348940105695,33.91666559686381,40,1,87.64,4,88.2,85.0,65.0,100.0,100.0,97.04
36.31697566309189,33.76447309158544,40,1,85.02,4,85.45,76.2,70.15,100.0,100.0,85.6
36.38156899734255,34.44811324746729,30,1,89.31,4,89.55,79.63,100.0,100.0,100.0,56.64
36.57067240247154,34.53222309414836,20,1,88.24,4,88.51,83.29,100.0,100.0,100.0,35.22
36.48891146030505,34.03601191422619,10,1,89.97,4,90.19,72.84,100.0,100.0,100.0,83.39
36.071612079880325,34.67884963125809,40,1,96.57,4,96.85,100.0,100.0,100.0,100.0,68.49
36.87629192419436,33.48025391372569,60,1,59.39,2,56.53,74.44,40.71,100.0,0.0,10.54
36.94616077183976,34.65651004745434,40,1,91.82,4,91.85,80.8,100.0,100.0,100.0,76.12
36.190249088998605,33.40375237275501,40,1,69.88,3,65.16,61.63,91.97,100.0,0.0,32.79
36.60403614353905,33.49564083528738,40,1,56.96,2,58.34,82.3,7.4,100.0,0.0,71.69
36.15857574113544,34.10414402123834,10,1,88.95,4,89.54,82.25,100.0,100.0,100.0,48.66
36.72224009303981,33.35802956829986,20,1,63.5,2,62.95,63.44,59.93,100.0,13.85,48.53
36.33123378383901,33.33449136224018,20,1,81.48,4,80.02,82.59,65.0,100.0,75.94,58.49
36.7094226346919,33.25082999066513,60,1,65.97,3,62.32,60.0,65.0,100.0,33.96,12.22
36.77699461428688,33.94810665551082,10,1,81.32,4,81.71,69.83,71.28,100.0,100.0,65.02
36.81864749191765,34.48939821006757,40,1,90.63,4,90.9,78.24,100.0,100.0,100.0,74.28
36.15774094595589,33.30574136044787,30,1,71.37,3,70.91,60.0,78.5,100.0,35.28,69.2
36.96601184513761,34.29361217034537,40,1,84.95,4,85.55,79.11,65.0,100.0,100.0,88.14
36.28021399089488,34.5670037078659,20,1,86.75,4,86.85,79.45,100.0,100.0,100.0,30.15
36.087412556176176,33.51880135772459,60,1,83.54,4,84.4,67.64,77.09,100.0,100.0,86.84
36.60485246939148,33.48498197571425,30,1,68.02,3,67.06,61.01,16.14,100.0,89.86,70.52
36.42092228386244,34.627281557792855,60,1,88.71,4,88.59,80.66,100.0,100.0,100.0,43.91
36.87978974313241,34.566999375920155,40,1,89.66,4,90.12,73.08,100.0,100.0,100.0,81.97
36.858251472064296,34.1123068260227,30,1,85.26,4,85.34,76.81,100.0,100.0,62.61,79.06
36.36713889282272,34.56071980687037,40,1,94.48,4,94.79,84.25,100.0,100.0,100.0,95.1
37.00289939506974,33.39840972387919,40,1,59.84,2,60.25,63.06,35.42,100.0,0.0,92.46
36.34091783814012,33.881170428702006,10,1,97.74,4,97.78,98.11,100.0,100.0,100.0,83.46
36.56505712923171,34.430476089770195,40,1,93.2,4,93.59,80.47,100.0,100.0,100.0,94.49
36.3059650905676,33.66192313491834,40,1,84.47,4,84.01,78.75,100.0,100.0,69.83,49.1
36.98604357004896,34.453726263093685,40,1,92.73,4,92.97,85.07,100.0,100.0,100.0,74.48
36.214607817582014,34.0566857670253,40,1,91.12,4,91.61,79.14,100.0,100.0,100.0,78.7
36.09491061939232,34.45042558071717,40,1,95.63,4,95.63,89.24,100.0,100.0,100.0,88.56
36.48509706000304,33.993487420571725,30,1,87.21,4,87.78,76.45,100.0,100.0,100.0,48.5
37.04237556405583,33.838646944354906,30,1,68.57,3,67.64,70.62,73.42,100.0,9.49,53.5
36.94167726625491,33.60070274636581,20,1,65.06,3,63.35,60.64,59.51,100.0,28.69,39.51
36.79860801945695,33.58340694629602,40,1,60.77,2,60.8,62.61,40.24,100.0,0.0,89.73
36.94079249087852,34.45238529691424,20,1,86.65,4,87.02,78.87,100.0,100.0,100.0,33.62
36.94344663969786,33.44025655685434,10,1,67.38,3,64.29,60.0,65.0,100.0,0.0,82.85
36.56885836038644,33.387571760177515,40,1,82.33,4,81.66,80.62,65.0,100.0,79.84,74.98
36.36592905183079,33.53206618403541,20,1,94.61,4,94.88,90.92,100.0,100.0,99.81,76.27
36.82201243211099,33.530554418326275,10,1,79.98,3,78.88,67.86,65.0,100.0,100.0,55.17
36.42365772887371,33.88761059755874,40,1,88.32,4,88.91,85.45,100.0,100.0,100.0,32.77
36.14446666806151,34.834621531776776,40,1,89.04,4,81.94,79.38,100.0,100.0,28.34,88.76
36.79678961134902,33.46953801246498,30,1,64.92,2,63.14,74.34,50.59,100.0,27.36,16.21
36.31246051592287,34.29566372110983,40,1,90.31,4,90.63,78.32,100.0,100.0,100.0,71.37
36.98681315053378,33.967967211522,60,1,73.07,3,75.91,92.7,65.0,100.0,20.87,69.67
36.29097057500568,33.87866908271532,20,1,86.04,4,86.45,74.62,100.0,100.0,86.04,61.55
36.172757932411486,34.650134718486534,10,1,97.8,4,98.38,97.41,100.0,100.0,100.0,91.57
36.88111267212491,34.81095303332544,10,1,88.72,4,88.65,82.87,100.0,100.0,100.0,37.93
36.20328431662449,34.64657433403869,60,1,95.26,4,96.44,100.0,100.0,100.0,100.0,64.41
36.229268308157735,33.55768108645621,20,1,81.45,4,81.87,67.43,77.41,100.0,95.35,68.59
36.64938279152084,33.603276673934296,40,1,84.0,4,82.8,79.92,62.51,100.0,100.0,63.19
36.924562040837465,34.2997182065521,40,1,92.14,4,91.91,82.51,100.0,100.0,90.68,85.58
36.246434665714574,33.712533730621104,60,1,80.26,4,82.75,78.17,100.0,100.0,45.72,74.42
36.360323672900094,34.42556020924893,30,1,91.9,4,91.98,85.95,100.0,100.0,100.0,61.92
36.82740483824117,34.156273041295435,40,1,86.5,4,87.16,69.14,100.0,100.0,100.0,64.15
37.02182642606096,34.131454029584646,60,1,85.03,4,85.77,60.0,90.02,100.0,100.0,97.68
36.55074118620234,34.575675079742055,20,1,96.79,4,97.52,94.32,100.0,100.0,100.0,92.27
36.193897502551245,34.38685243478829,40,1,90.56,4,90.72,80.19,100.0,100.0,100.0,66.68
36.0639362877082,33.292524423995665,10,1,65.81,3,65.42,80.91,69.97,100.0,7.71,9.99
36.27965602999885,33.329134619433624,20,1,60.36,2,57.64,71.72,51.0,100.0,1.09,7.57
36.18182221778652,34.21249352392962,10,1,91.96,4,92.26,93.63,100.0,100.0,100.0,41.7
36.72765867361286,34.02790732099564,30,1,93.42,4,93.56,82.02,100.0,100.0,100.0,89.52
36.171832504628526,33.66629544854879,20,1,85.82,4,85.25,60.0,100.0,100.0,100.0,72.48
36.55632993162063,33.919849739703686,40,1,86.86,4,87.49,80.28,72.67,100.0,100.0,88.67
36.74426243564288,34.462656509972575,40,1,91.66,4,92.12,77.48,100.0,100.0,100.0,88.73
36.631116609220896,34.572578375452686,30,1,95.06,4,93.88,94.37,100.0,100.0,77.08,90.05
36.24977565166005,34.147956908624074,40,1,93.29,4,93.23,86.31,100.0,100.0,89.88,88.55
36.85412452618226,33.86659116937137,60,1,64.42,2,63.9,76.58,39.74,100.0,15.08,57.2
36.7654071296158,33.68311481839217,30,1,60.14,2,59.19,66.48,29.17,100.0,0.0,84.15
36.78898400391554,34.08506955323081,10,1,82.73,4,82.69,66.15,100.0,100.0,63.73,82.86
36.18105775155731,33.75359938970301,10,1,81.36,4,80.95,71.51,100.0,100.0,64.38,48.36
36.44757819382494,33.35572673747103,40,1,72.87,3,73.22,60.0,74.71,100.0,50.2,77.46
36.350948691780935,33.2517079440364,10,1,57.73,2,56.96,60.0,28.35,100.0,19.27,54.02
36.53858404535153,33.58964342214519,40,1,82.26,4,83.01,70.9,65.0,100.0,99.42,88.26
36.71286421276358,34.68121839635005,40,1,96.08,4,96.34,89.26,100.0,100.0,100.0,95.63
37.00562325704697,34.2840652211657,30,1,85.65,4,82.6,75.32,100.0,100.0,100.0,0.0
36.33644622688205,33.52513656309924,10,1,69.77,3,69.87,66.07,65.0,100.0,47.32,49.49
36.97480842931203,34.67442233891779,30,1,87.35,4,88.57,72.74,100.0,100.0,100.0,67.49
36.074859491386256,34.001929504459746,40,1,90.53,4,90.79,77.26,99.47,100.0,100.0,77.18
36.60519804232682,34.01174681068586,60,1,71.95,3,70.18,67.65,100.0,100.0,0.0,48.83
36.68397511168108,34.74686711014825,20,1,91.44,4,91.66,84.88,100.0,100.0,100.0,61.97
36.15589740375075,33.345178707493346,60,1,67.93,3,65.43,60.0,65.0,100.0,0.0,94.33
36.19033959706391,33.59428523940595,40,1,83.84,4,84.19,79.76,55.46,100.0,100.0,91.71
36.469114319316304,34.18723412024756,40,1,86.56,4,87.43,73.92,100.0,100.0,100.0,52.58
36.64604255323437,34.337243214734336,40,1,90.55,4,91.05,88.15,100.0,100.0,100.0,46.04
36.983023221600206,33.59254766293876,10,1,56.41,2,54.49,54.31,0.0,100.0,38.68,73.9
36.854360915612965,33.4086511529581,20,1,55.47,2,56.41,71.68,0.0,100.0,31.92,51.18
36.834763449252186,33.9263744548353,40,1,74.51,3,74.74,67.33,96.2,100.0,10.23,87.65
36.067836783976986,33.53182127867693,30,1,89.45,4,88.27,83.77,72.54,100.0,100.0,86.3
36.159143996765735,33.465507239877354,40,1,81.45,4,82.71,76.35,65.0,100.0,100.0,68.08
36.879428614882734,34.62645101795031,20,1,94.18,4,93.85,99.25,97.59,100.0,88.25,63.17
36.84681708832516,33.76263552575569,20,1,66.99,3,69.93,85.48,53.29,100.0,38.06,29.23
36.58076959059905,33.33843265520196,30,1,66.92,3,65.6,63.34,65.0,100.0,0.0,85.99
36.656015820700006,33.821791397603285,20,1,70.29,3,70.85,63.09,73.2,100.0,29.05,79.28
36.91773895377601,33.67369148371453,30,1,58.82,2,58.08,62.99,33.21,100.0,0.0,75.39
36.65310715733872,34.226776107746865,60,1,86.97,4,87.95,74.26,85.1,100.0,100.0,86.49
36.46257156927368,33.57862447627585,20,1,75.99,3,74.79,64.77,56.05,100.0,77.22,75.67
36.42418404340718,34.67138472490055,20,1,87.25,4,87.71,78.16,100.0,100.0,100.0,42.6
36.47588208637351,34.73746659347129,30,1,93.16,4,93.99,91.07,100.0,100.0,100.0,66.68
36.70193102557997,33.409729691482866,10,1,64.97,2,65.96,81.58,35.39,100.0,0.0,94.09
36.91749063175232,33.42184473006172,10,1,63.0,2,63.47,72.54,49.25,100.0,0.0,68.55
36.5038968820763,33.434522300977584,10,1,79.36,3,77.65,64.81,84.55,100.0,67.19,62.18
36.29783956295135,34.2413108100965,10,1,92.92,4,93.88,91.21,100.0,100.0,100.0,65.18
36.286662362997575,33.4451503427354,40,1,64.6,2,64.42,73.31,42.91,100.0,32.43,39.75
36.79601428024344,34.61381170868843,20,1,90.46,4,90.59,82.07,100.0,100.0,100.0,59.65
36.86656876342391,34.45683442390063,30,1,90.66,4,90.81,78.51,100.0,100.0,100.0,72.54
36.15527807985412,34.56169417318084,40,1,88.81,4,88.92,85.85,100.0,100.0,98.1,34.49
36.11655885695517,34.09169684301764,10,1,94.63,4,95.0,87.3,100.0,100.0,100.0,88.07
36.64443366375645,34.844683538430644,20,1,92.95,4,93.23,88.6,100.0,100.0,100.0,66.52
36.874664190456336,33.89202394269778,40,1,76.78,3,75.32,63.77,62.08,100.0,77.54,71.39
36.36033467392407,33.76829867030022,40,1,88.17,4,88.88,76.99,94.59,100.0,100.0,68.67
36.19387193297114,34.76783279794023,40,1,89.43,4,86.81,94.43,74.27,100.0,100.0,36.23
36.97097047248744,34.172977533596146,60,1,74.24,3,74.0,71.37,100.0,100.0,4.84,68.61
36.21553172273528,34.53990554471156,10,1,91.35,4,91.92,76.19,100.0,100.0,100.0,90.62
36.33472008233793,33.52254590985363,10,1,75.5,3,76.03,82.51,86.85,100.0,15.42,65.89
36.16549006366535,34.0478232750021,10,1,82.37,4,81.05,61.36,87.27,100.0,100.0,51.83
36.07114801633644,34.03987532203303,40,1,94.51,4,94.74,93.45,100.0,100.0,100.0,67.04
36.10539540916426,34.803415565673184,10,1,95.41,4,95.73,89.79,100.0,100.0,100.0,87.91
36.22464147093585,33.85917177794743,30,1,90.92,4,92.3,78.52,100.0,100.0,100.0,87.39
36.10338193262717,33.88604003928799,40,1,86.85,4,85.62,88.98,65.9,100.0,100.0,57.43
36.64114381611097,34.1856043244879,40,1,94.12,4,94.69,93.16,100.0,100.0,100.0,67.36
36.7307145267995,33.45488417687646,40,1,57.02,2,58.67,75.45,0.0,100.0,24.73,73.29
36.443630456832025,33.76373700225897,10,1,87.74,4,87.8,72.24,96.22,100.0,100.0,68.88
36.367991096952046,33.559133315912206,20,1,73.01,3,71.84,60.0,100.0,100.0,0.0,88.44
36.55452623702223,33.41525356657128,40,1,51.11,2,47.35,60.0,11.91,100.0,0.0,19.69
36.92500494223461,34.63583137012964,10,1,93.64,4,93.95,89.83,94.6,100.0,100.0,80.86
36.901131626822206,34.19292986580396,40,1,85.01,4,86.16,87.9,87.35,100.0,64.68,76.22
36.09347506201279,33.82387646644466,40,1,85.57,4,85.99,69.78,100.0,100.0,95.63,57.15
36.23149840959652,33.90387100378674,30,1,91.39,4,91.63,74.79,100.0,100.0,100.0,91.91
36.2867448711044,33.94043040589977,30,1,88.61,4,88.85,72.1,100.0,100.0,100.0,72.22
36.299387575832206,34.26303869143153,40,1,86.37,4,82.94,76.48,100.0,100.0,100.0,0.0
36.62123265174277,34.73283102638239,30,1,96.72,4,97.67,95.97,100.0,100.0,100.0,88.81
36.46626242570319,34.74244739145117,10,1,93.47,4,93.67,89.51,100.0,100.0,100.0,68.14
36.09925411992759,33.876387167249064,60,1,88.49,4,88.89,76.01,100.0,100.0,100.0,60.83
36.42361413845957,33.77681993535643,10,1,73.9,3,76.37,98.66,73.79,100.0,7.72,58.54
36.57375294871763,33.97167440029641,40,1,86.12,4,85.93,61.6,100.0,100.0,100.0,74.52
36.15167190290372,34.15869476868559,10,1,94.88,4,95.24,86.99,100.0,100.0,100.0,91.48
36.88345855378856,33.988908658319595,30,1,70.63,3,68.94,62.56,65.0,100.0,46.89,51.4
36.1019618664651,34.30400545570672,40,1,93.83,4,94.34,82.96,100.0,100.0,100.0,94.49
36.97484186901806,34.137038437407625,10,1,75.05,3,78.85,75.15,76.51,100.0,55.66,76.53
36.14911314157988,33.76314487471052,40,1,90.29,4,91.21,83.98,90.87,100.0,100.0,78.38
36.89357495159775,33.803169289220214,20,1,88.04,4,89.22,67.14,100.0,100.0,100.0,90.77
36.95265314392761,33.85574846009557,40,1,66.64,3,63.33,56.7,65.0,100.0,0.0,83.19
37.02957068058659,33.40142362919902,40,1,56.87,2,53.86,60.0,24.55,100.0,0.0,59.53
36.8520258802736,33.51570021186236,40,1,58.33,2,58.4,60.0,0.0,100.0,51.64,76.53
36.82947754077133,34.40698208343262,40,1,79.8,3,80.7,85.04,100.0,100.0,5.7,93.36
36.69248327599554,33.872554738435326,30,1,82.54,4,83.56,75.16,77.34,100.0,100.0,55.4
36.82899635457812,33.59326235609623,10,1,62.3,2,60.47,66.23,69.25,100.0,0.0,17.54
36.184552208413145,34.15027585691977,60,1,93.27,4,93.46,80.74,100.0,100.0,100.0,92.33
36.58606803594763,34.45886326795748,40,1,91.6,4,91.6,80.34,100.0,100.0,100.0,74.97
36.56422287019041,33.66187577975259,40,1,84.13,4,83.74,81.69,59.06,100.0,100.0,74.25
36.90757214412256,34.572863811077994,40,1,95.8,4,96.38,90.41,100.0,100.0,100.0,92.53
36.51279936559352,34.73400777540008,30,1,93.06,4,93.87,100.0,100.0,100.0,100.0,38.73
36.43508949610035,34.205831246518144,10,1,91.97,4,92.39,83.36,100.0,100.0,100.0,73.82
36.68956327123711,34.320316254386526,10,1,91.07,4,91.69,91.87,95.53,100.0,100.0,50.24
36.31646331750084,33.334121584516886,40,1,71.52,3,70.86,64.22,82.57,100.0,22.77,66.66
36.18976841095395,34.762831825635054,20,1,90.35,4,90.57,88.47,100.0,100.0,100.0,40.28
36.527877274023744,33.877975574823914,10,1,91.88,4,92.32,85.4,100.0,100.0,100.0,67.02
36.466889368594885,34.72824064087269,40,1,95.94,4,96.34,95.18,98.14,100.0,100.0,81.61
36.28256994052887,34.17636403960039,40,1,89.14,4,89.61,78.12,100.0,100.0,100.0,61.71
36.41751181011512,33.25739007814932,40,1,58.8,2,57.72,60.0,30.11,100.0,0.0,86.95
36.41639244982625,33.3116671989175,40,1,58.73,2,57.68,64.94,36.5,100.0,0.0,58.99
36.37749556441254,34.33867008907188,40,1,86.91,4,88.23,75.9,82.9,100.0,100.0,88.83
36.42946407972693,34.150268822131096,10,1,95.79,4,96.16,95.32,100.0,100.0,100.0,75.65
36.73574334545594,33.29245189952972,40,1,61.2,2,61.91,70.72,26.28,100.0,16.72,79.26
36.34687647457128,34.43953593795582,40,1,88.91,4,89.95,76.91,100.0,100.0,100.0,68.72
36.99885792671534,34.61343253931069,40,1,83.89,4,83.48,70.7,94.57,100.0,100.0,33.59
36.966348019538174,34.0442679719029,60,1,65.01,3,68.29,65.14,76.89,100.0,0.0,83.67
36.53091042830008,33.99521190457161,10,1,73.03,3,73.4,70.59,73.4,100.0,48.66,52.43
36.37836120500469,33.2587569741354,40,1,69.2,3,63.36,64.87,0.0,100.0,100.0,38.94
36.58543478983,34.50863953998976,20,1,92.7,4,93.36,93.38,100.0,100.0,100.0,53.44
36.89856048877362,33.77914570679377,10,1,64.73,2,64.28,60.1,71.82,100.0,0.0,68.89
36.7025873405601,34.656021791652066,40,1,96.83,4,97.01,100.0,100.0,100.0,100.0,70.06
36.85439182794708,33.84689694009288,20,1,82.17,4,81.3,61.73,93.5,100.0,70.87,84.52
36.58272227606574,34.15412465700913,10,1,88.38,4,88.77,64.44,100.0,100.0,100.0,94.38
36.68291762926762,33.68254686111892,40,1,86.38,4,87.32,85.7,85.2,100.0,81.74,73.09
36.33815561418246,33.50694130013587,30,1,80.14,4,76.21,82.91,39.03,100.0,100.0,35.31
36.78489316231029,34.489852645410124,40,1,86.8,4,86.62,79.02,100.0,100.0,100.0,29.16
36.25240459312572,34.044544766154054,10,1,93.21,4,93.8,82.79,98.27,100.0,100.0,93.05
36.744798128818495,34.1083806780036,30,1,86.49,4,86.86,79.32,100.0,100.0,100.0,30.61
36.91071906832589,34.79466552557078,40,1,91.59,4,91.64,85.32,100.0,100.0,100.0,60.43
36.18210283730154,34.79172785955545,40,1,89.56,4,89.96,78.66,100.0,100.0,100.0,63.59
36.66437974054192,34.619027394723844,40,1,83.47,4,81.69,60.41,100.0,100.0,100.0,35.63
36.77571562827142,34.20083631088253,10,1,95.46,4,96.81,93.66,99.05,100.0,100.0,89.0
36.13449321882352,34.65503587944886,30,1,98.27,4,98.6,100.0,100.0,100.0,100.0,86.02
36.1874079300378,33.411769865496936,40,1,79.74,3,77.92,61.48,65.0,100.0,100.0,64.76
36.850884176085096,34.020821682179474,40,1,74.78,3,77.15,77.34,67.35,100.0,48.42,82.16
36.64368200446635,34.15302828857469,40,1,86.63,4,86.62,82.76,88.57,100.0,100.0,40.78
36.832624104629545,34.82143087410855,10,1,84.9,4,84.54,61.38,100.0,100.0,100.0,61.3
36.845114838983086,34.22153828879052,20,1,94.99,4,96.06,100.0,100.0,100.0,100.0,60.55
36.996027062817326,33.92996701706576,40,1,73.08,3,69.35,81.16,100.0,100.0,0.0,0.0
36.30338335383919,33.84197498855552,40,1,75.92,3,77.1,73.87,100.0,100.0,0.0,99.4
36.64007589535831,33.91819086824648,40,1,82.58,4,82.03,66.92,79.05,100.0,82.85,87.12
36.66616570002412,34.52160089346812,20,1,94.58,4,94.73,86.98,100.0,100.0,100.0,86.35
36.22129130409279,34.590346973099265,40,1,90.78,4,88.41,88.4,100.0,100.0,78.96,50.52
36.57263177551312,33.28835256884473,40,1,71.71,3,71.2,71.88,49.79,100.0,55.95,62.8
36.84924471651206,33.9918811434904,30,1,87.78,4,88.35,75.53,90.22,100.0,100.0,76.45
36.54215321557543,34.35420283132554,10,1,94.3,4,94.46,94.13,100.0,100.0,100.0,62.16
36.64959344152261,33.51142672023913,10,1,79.17,3,74.31,60.0,87.19,100.0,66.81,38.48
36.9812362356901,34.319329185272245,40,1,87.69,4,88.74,68.86,97.87,100.0,100.0,85.06
36.167103565900106,34.23994364507143,40,1,90.64,4,91.11,76.01,100.0,100.0,100.0,83.07
36.137709011910765,33.314152015796445,40,1,80.11,4,79.88,65.8,65.0,100.0,100.0,71.38
36.70786328504053,33.988763515495215,30,1,94.16,4,94.7,86.2,100.0,100.0,100.0,88.37
36.46860830079038,34.0856014303718,40,1,80.94,4,81.58,76.36,63.35,100.0,100.0,59.99
36.82432141614184,33.59292224456798,10,1,75.85,3,70.49,60.0,39.73,100.0,100.0,45.44
36.72123141330859,33.473397846686595,40,1,76.83,3,76.38,62.38,51.08,100.0,99.25,75.63
36.38363775832824,33.551558884819684,20,1,80.06,4,78.7,71.25,65.0,100.0,76.83,78.02
36.94836654736153,33.80062572490136,40,1,73.86,3,73.79,69.42,100.0,100.0,0.0,79.65
36.81253214707065,33.40489623888796,40,1,68.24,3,70.1,69.73,59.84,100.0,20.64,91.15
36.32053494091017,34.76571167316737,40,1,92.92,4,93.52,93.64,100.0,100.0,100.0,54.24
36.41419201777205,33.897990498393305,40,1,80.41,4,80.3,74.21,70.4,100.0,100.0,39.55
36.36443998020426,34.5443513640108,60,1,90.46,4,90.86,74.27,100.0,100.0,100.0,85.79
36.207611648625,34.80906739697416,60,1,92.32,4,91.2,86.73,100.0,100.0,88.92,68.41
36.19778337254219,33.37917644800438,20,1,69.84,3,67.08,64.06,83.91,100.0,0.0,60.76
36.98612746337575,34.292671148695995,10,1,77.74,3,77.6,73.25,93.92,100.0,23.42,83.31
36.48790403719875,34.644254538785944,10,1,89.36,4,90.63,92.31,100.0,100.0,100.0,29.36
36.433319822777406,34.26477509434677,20,1,90.88,4,88.71,73.05,100.0,100.0,100.0,67.97
36.77968570867738,33.93644179417186,20,1,88.57,4,87.62,80.39,100.0,100.0,61.32,93.05
36.602993065252896,33.939722172220705,60,1,82.77,4,83.22,70.73,88.3,100.0,100.0,43.42
36.98613998683846,33.307438217611775,60,1,71.25,3,72.53,75.62,11.78,100.0,100.0,74.87
36.83030149390939,34.10536120206284,20,1,92.02,4,92.38,80.98,100.0,100.0,100.0,80.84
36.529369564124536,34.83966879485896,40,1,92.24,4,92.47,89.35,100.0,100.0,100.0,56.65
37.03663154492432,33.31463876614746,30,1,54.0,2,55.11,60.0,11.24,100.0,44.21,32.32
36.16847857721704,34.69478264544982,60,1,90.15,4,89.18,96.6,100.0,100.0,100.0,2.04
36.90053367919078,33.322183593134845,40,1,53.11,2,52.02,63.21,0.0,100.0,12.9,61.19
36.6870738839912,34.74739856321773,30,1,92.37,4,92.55,84.16,100.0,100.0,100.0,73.03
36.17192167833511,34.58996119006044,20,1,91.64,4,92.34,80.01,100.0,100.0,100.0,83.4
36.736096365105446,33.34571893970768,20,1,77.57,3,74.01,77.76,53.01,100.0,97.99,3.8
36.0623026858886,34.585532262923095,40,1,94.67,4,95.21,87.0,100.0,100.0,100.0,91.08
36.50431796184174,33.49921227355933,20,1,84.66,4,84.61,64.75,94.11,100.0,98.41,65.96
36.87539951119632,34.105837044761394,40,1,88.49,4,89.69,67.9,100.0,100.0,100.0,93.16
36.34535902534409,34.715191772605934,10,1,98.2,4,99.35,100.0,100.0,100.0,100.0,93.45
36.49231412706789,33.88557328235652,40,1,73.23,3,73.19,65.49,91.91,100.0,37.88,44.82
36.35192739144249,33.962025687766385,30,1,60.41,2,68.29,88.01,42.39,100.0,0.0,84.13
36.968441895515554,33.3509874731262,30,1,55.29,2,52.83,60.87,3.11,100.0,0.0,89.48
36.83129403543151,34.80000371417856,40,1,86.29,4,86.14,79.12,100.0,100.0,100.0,24.09
36.160588410996105,33.747046696129736,40,1,82.66,4,82.74,72.92,59.94,100.0,100.0,88.74
37.04703465783757,33.552981586676566,60,1,79.39,3,78.95,60.0,58.85,100.0,100.0,91.81
36.33390843786404,34.79299711182637,40,1,94.24,4,95.36,96.75,100.0,100.0,100.0,63.33
36.15641953187138,34.63768486480189,40,1,95.98,4,96.71,94.65,100.0,100.0,100.0,83.18
37.04910473047424,34.38255023104232,40,1,85.91,4,83.73,66.2,100.0,100.0,100.0,38.72
36.71568473610653,34.578030686654444,40,1,93.49,4,93.38,87.85,100.0,100.0,100.0,70.3
36.7001250155588,34.811436064588634,30,1,89.1,4,89.75,67.01,100.0,100.0,100.0,96.46
36.14044072698413,34.597447448827,40,1,92.06,4,92.34,80.24,100.0,100.0,100.0,82.74
36.94703339889662,34.759411762044564,40,1,90.86,4,91.0,88.53,100.0,100.0,100.0,44.4
36.078999503204464,33.45309641086547,30,1,82.69,4,82.68,60.13,100.0,100.0,100.0,46.44
36.29082805804114,34.52326170426716,40,1,95.11,4,95.3,89.4,100.0,100.0,100.0,84.8
36.19302187516663,34.123081110529675,30,1,85.38,4,85.79,67.83,100.0,100.0,100.0,54.41
36.82676794069221,34.119592952127775,40,1,83.43,4,85.46,75.04,77.11,100.0,100.0,75.28
36.960638227130886,34.80488610983474,10,1,90.5,4,90.94,91.0,100.0,100.0,100.0,36.36
36.70626903932749,34.37774131686909,20,1,74.03,3,74.12,62.41,100.0,100.0,13.18,84.26
36.08616271049469,34.02270142315486,40,1,94.15,4,94.54,88.43,100.0,100.0,100.0,80.1
36.055429834128695,33.98024617264295,10,1,91.36,4,92.73,97.26,100.0,100.0,100.0,35.56
36.10165791701439,33.86814633155709,20,1,89.16,4,88.87,100.0,94.17,100.0,100.0,0.33
36.65592517764773,33.82855844731626,40,1,85.6,4,86.22,76.69,100.0,100.0,88.68,49.09
36.85148181085941,33.87641094669509,10,1,77.98,3,77.82,60.0,100.0,100.0,54.81,65.96
36.28855282062739,33.39360517640191,40,1,79.67,3,79.95,73.37,65.0,100.0,100.0,49.41
36.89940884292307,33.3738977364167,10,1,71.15,3,71.95,78.25,75.96,100.0,0.0,82.82
36.107231940153255,34.4977917501957,10,1,92.67,4,92.8,85.48,100.0,100.0,100.0,71.59
36.85096385364167,33.963716628672366,30,1,91.27,4,92.46,82.18,92.29,100.0,100.0,93.53
36.97779543017228,34.739095181671395,60,1,90.43,4,90.65,74.68,100.0,100.0,100.0,82.49
36.82210839910438,34.229553613750326,40,1,78.98,3,79.75,80.05,100.0,100.0,29.75,62.73
36.74812078397864,33.30628157149507,30,1,55.66,2,55.62,60.0,13.23,100.0,20.87,68.41
36.88798021865538,33.50203734610797,30,1,69.17,3,67.13,60.0,12.45,100.0,79.08,97.73
36.09015129954707,33.579311668820814,40,1,88.86,4,89.63,73.82,98.65,100.0,100.0,77.55
36.251782110719056,34.811177639023455,40,1,93.39,4,93.01,87.07,100.0,100.0,100.0,68.88
36.17492367930564,33.59992676184262,20,1,77.18,3,76.04,61.14,54.5,100.0,100.0,67.97
36.55453099019299,34.07520908206088,20,1,77.67,3,79.22,72.1,92.89,100.0,32.08,91.98
36.79518812832884,34.74788309062431,40,1,91.29,4,91.64,87.54,100.0,100.0,100.0,53.79
36.6800118445764,34.81350836786297,40,1,88.47,4,86.66,85.68,100.0,100.0,100.0,9.53
36.20521299244109,33.328588230000065,40,1,68.14,3,69.66,75.99,59.64,100.0,18.53,71.57
36.78462109193516,33.495762932060416,40,1,57.07,2,53.45,62.87,36.54,100.0,0.0,22.86
36.2430414908689,33.35132556592409,40,1,56.72,2,58.09,81.87,0.0,100.0,1.64,82.77
36.3207587513178,33.56219878574774,40,1,75.88,3,75.0,62.14,52.82,100.0,100.0,57.96
36.7599046972813,34.15971154352598,40,1,89.23,4,90.46,94.25,74.01,100.0,100.0,73.86
37.03020478489868,34.70991807407303,20,1,89.65,4,89.87,92.13,100.0,100.0,100.0,22.29
36.661543605977066,34.10955021391094,60,1,84.56,4,86.66,72.95,79.93,100.0,100.0,87.95
36.10450031499129,34.25158329071853,30,1,93.25,4,93.07,80.92,100.0,100.0,100.0,87.98
36.66630896992753,33.57298760257527,40,1,52.09,2,50.4,70.3,4.29,100.0,0.0,34.54
36.09235055158016,34.53093379307816,40,1,93.88,4,94.06,93.5,100.0,100.0,100.0,60.12
36.759578285100616,34.63261892670836,10,1,88.93,4,89.82,70.46,100.0,100.0,100.0,86.87
36.2231278464225,34.76814897120926,60,1,96.52,4,96.74,94.25,100.0,100.0,100.0,84.62
36.1417210058242,33.80664124121055,10,1,83.07,4,82.33,60.0,89.17,100.0,100.0,65.01
36.23353322888032,33.394926493656705,10,1,57.28,2,56.21,68.15,7.23,100.0,0.0,93.24
36.50856064245848,33.95054650508134,20,1,73.15,3,72.89,62.06,100.0,100.0,8.26,80.36
36.8340809483414,34.76310984291916,40,1,88.09,4,88.17,69.24,100.0,100.0,100.0,73.98
36.686408342107775,33.85529571579747,40,1,79.56,3,78.93,74.4,56.06,100.0,100.0,53.99
36.62241314995863,34.48323714186459,60,1,93.12,4,93.8,95.23,100.0,100.0,100.0,52.3
36.195130254665045,34.11476270747321,40,1,87.05,4,86.4,83.84,100.0,100.0,100.0,12.53
36.99602445355809,33.54249403268956,30,1,62.31,2,60.12,60.0,65.0,100.0,0.0,41.22
36.62801721580754,34.29510701603651,20,1,79.41,3,80.15,80.27,100.0,100.0,15.82,87.02
36.74977594458906,34.32656543149583,40,1,76.29,3,80.12,67.56,100.0,100.0,41.68,86.0
36.69923315524531,33.94561559489448,40,1,85.79,4,85.81,74.82,99.98,100.0,92.29,45.32
36.99059440969552,33.61583296425938,40,1,78.86,3,75.41,67.77,65.0,100.0,100.0,20.78
36.19843898992006,34.40505084722028,40,1,93.24,4,93.21,80.41,100.0,100.0,100.0,90.86
36.454034390740766,34.7486715069842,40,1,94.98,4,95.12,93.22,100.0,100.0,100.0,71.53
36.52416872948262,33.55064572645836,60,1,86.17,4,87.6,80.77,79.55,100.0,100.0,74.56
36.16921752619774,33.42169978053203,10,1,78.59,3,82.17,79.48,100.0,100.0,33.54,83.01
36.184094609872766,34.046236323784605,30,1,90.9,4,91.27,78.46,100.0,100.0,100.0,77.29
36.32807554578125,34.081279356975514,40,1,89.25,4,89.83,77.2,100.0,100.0,100.0,66.67
36.35470460376083,34.063108663645195,30,1,84.41,4,83.89,75.71,87.39,100.0,70.49,81.28
36.477903213681344,33.94866798294214,40,1,90.59,4,90.78,82.07,100.0,100.0,100.0,61.54
36.66098754703663,34.84170382852737,40,1,91.72,4,91.74,80.96,100.0,100.0,100.0,74.47
36.68462911741826,34.028048980272935,40,1,88.65,4,88.95,91.12,69.75,100.0,100.0,76.66
36.46181089658557,34.01471452918373,20,1,84.99,4,84.81,69.77,91.29,100.0,100.0,56.2
36.45878310942869,33.9248257003433,10,1,85.39,4,85.13,77.51,100.0,100.0,69.69,64.27
36.26762852669696,33.35692120752234,30,1,61.0,2,61.39,66.78,32.98,100.0,0.0,97.56
36.63830624840901,34.19873060983939,30,1,87.7,4,88.11,73.59,100.0,100.0,100.0,60.33
36.36704091131723,33.61474843555709,10,1,88.7,4,90.13,92.24,79.42,100.0,100.0,65.74
36.46840004415686,33.331333539117566,20,1,72.3,3,71.29,63.79,88.01,100.0,20.53,64.71
36.27559286820421,34.000408126420275,60,1,91.04,4,91.97,78.72,100.0,100.0,100.0,83.56
36.622457933122114,34.68480859454512,30,1,94.5,4,94.7,84.18,100.0,100.0,100.0,94.46
36.61577190043192,34.010897877172695,60,1,86.35,4,86.61,64.74,100.0,100.0,100.0,71.84
36.75200218111037,33.346529309718754,20,1,69.94,3,71.11,60.22,22.28,100.0,100.0,85.86
36.697948482201205,34.56554167375009,40,1,88.73,4,89.75,88.41,100.0,100.0,100.0,32.24
36.83743222198595,33.9350717816142,20,1,90.7,4,91.39,72.63,100.0,100.0,100.0,96.02
36.59914438359968,34.27069879079463,20,1,88.27,4,89.52,75.86,86.73,100.0,100.0,94.1
36.48141819517989,34.619966406074575,20,1,90.38,4,90.5,80.78,100.0,100.0,100.0,62.69
36.676012480941054,34.259704708595024,60,1,84.02,4,83.61,69.72,100.0,100.0,100.0,26.94
36.41065733445025,33.806277815737445,20,1,79.32,3,77.9,60.0,100.0,100.0,61.4,56.93
36.56273924460675,34.31004735098592,40,1,89.16,4,89.47,73.57,100.0,100.0,100.0,74.04
36.786705688482215,34.32496670178251,30,1,87.52,4,85.59,86.8,97.77,100.0,100.0,0.0
36.936402886723705,34.7869391400106,30,1,88.26,4,88.92,79.68,100.0,100.0,100.0,50.14
36.97105719729519,33.84345971446667,30,1,64.16,2,63.75,66.2,59.84,100.0,3.14,64.47
36.553632925183095,33.93013082802261,30,1,74.07,3,74.25,71.23,100.0,100.0,0.0,78.79
36.57027511474057,34.54939673789929,40,1,90.51,4,91.04,95.35,100.0,100.0,100.0,24.38
36.84987041076384,34.05921970358839,40,1,70.06,3,69.69,65.04,75.16,100.0,16.23,77.1
36.3644506917442,34.42851694898518,40,1,94.14,4,94.51,86.4,100.0,100.0,100.0,85.9
36.887382362345065,33.985535143125745,40,1,80.07,4,80.09,71.7,69.2,100.0,82.83,73.16
36.54414164651742,33.594792226900324,30,1,58.22,2,57.51,70.47,22.4,100.0,0.0,68.88
36.16585672433526,34.44232614844962,40,1,90.88,4,91.16,88.17,100.0,100.0,100.0,47.09
36.12205914707294,33.45984827069554,40,1,78.58,3,80.24,72.36,99.67,100.0,33.2,86.2
36.89199321103946,33.56773386165009,40,1,69.99,3,69.39,73.61,69.6,100.0,0.0,83.84
36.10556791690688,34.252919972454734,20,1,90.53,4,91.68,83.38,91.77,100.0,100.0,83.09
36.33061143613365,34.445631680307315,10,1,97.15,4,97.43,100.0,100.0,100.0,100.0,74.26
36.36389336980199,33.42715881376089,20,1,66.42,3,70.85,75.07,56.91,100.0,16.96,94.03
36.79269256672508,34.77967465523621,30,1,88.89,4,88.88,88.62,100.0,100.0,100.0,22.91
36.06468284356007,33.49707694083543,30,1,80.31,4,80.04,73.22,65.0,100.0,100.0,50.72
36.87717342452069,33.56626717160742,40,1,58.0,2,56.58,63.82,18.69,100.0,0.0,86.95
36.90654802357456,33.716127125693546,20,1,71.09,3,71.11,60.0,75.41,100.0,36.24,75.88
36.42226157319155,34.09702616644206,60,1,67.47,3,69.56,60.05,69.95,100.0,27.01,85.0
36.20361289906063,34.662520905654524,10,1,94.26,4,95.01,100.0,100.0,100.0,100.0,50.12
36.65084040794508,34.46687363636779,60,1,84.88,4,83.45,68.74,100.0,100.0,100.0,28.27
36.16967255586489,34.38305208614822,10,1,89.39,4,88.22,94.05,100.0,100.0,100.0,0.0
36.41491936107825,33.53028890856961,30,1,75.83,3,74.82,60.0,54.65,100.0,100.0,58.89
37.00842918090097,33.82229221044156,20,1,72.66,3,72.39,60.0,100.0,100.0,0.0,93.85
37.04546447258363,34.01544788173869,20,1,84.85,4,85.81,77.68,72.06,100.0,95.39,87.86
36.36096150992076,33.68748752340267,40,1,83.68,4,84.8,77.98,69.51,100.0,100.0,75.04
36.73766504916609,33.74333312632455,10,1,79.08,3,79.47,70.06,100.0,100.0,55.52,51.21
36.43784169516365,34.13038350705321,20,1,90.14,4,90.37,72.31,100.0,100.0,100.0,86.78
36.69088863458616,34.37804511443871,10,1,88.38,4,88.43,68.74,100.0,100.0,100.0,78.11
36.06072764497567,33.36189061036298,10,1,84.5,4,84.06,84.16,82.28,100.0,82.71,49.53
36.25905765860224,34.01979696282104,40,1,93.49,4,94.3,93.52,100.0,100.0,100.0,62.47
36.57508830296726,34.501537912428475,60,1,86.39,4,87.01,73.11,100.0,100.0,100.0,50.82
36.213751304258295,34.44678420632392,10,1,87.46,4,88.43,75.09,83.78,100.0,100.0,91.5
36.21590686787653,34.55411695395001,40,1,93.41,4,93.72,83.77,100.0,100.0,100.0,85.92
36.88630429055024,33.96718501307297,20,1,85.08,4,84.93,75.29,93.66,100.0,100.0,36.1
37.039133002683606,34.56289133222378,20,1,85.45,4,85.46,77.7,65.16,100.0,100.0,91.15
36.605969428028445,33.63520491394283,40,1,76.76,3,77.21,74.54,84.54,100.0,51.02,52.87
36.88906973088171,33.827296898268024,40,1,74.44,3,74.54,69.53,97.34,100.0,0.0,92.15
37.04032166432627,33.53216892226848,40,1,57.44,2,56.52,63.15,28.24,100.0,0.0,69.25
36.19159588856877,33.99797526308571,20,1,97.35,4,97.82,100.0,98.77,100.0,100.0,80.65
36.49824561325435,33.87729603586471,10,1,88.17,4,88.88,69.48,96.7,100.0,100.0,86.95
36.44257271584192,33.6354833862629,40,1,92.28,4,92.78,86.82,100.0,100.0,100.0,67.36
36.13004928364618,34.45284913476925,40,1,92.01,4,93.82,99.98,100.0,100.0,100.0,38.24
36.80533017279474,33.75215483537863,40,1,80.66,4,81.64,74.42,58.09,100.0,95.19,84.16
36.48377902732259,33.686486928233336,20,1,87.36,4,87.7,60.0,100.0,100.0,100.0,96.95
36.5193269341904,33.459424529360795,40,1,81.04,4,80.96,68.36,65.0,100.0,100.0,74.47
36.20067297381324,33.95211472288312,10,1,84.67,4,86.23,73.48,77.4,100.0,100.0,87.07
36.23092665223086,33.734743406139685,40,1,85.07,4,85.49,75.03,90.49,100.0,100.0,48.79
36.95710362215621,33.84083654614555,40,1,83.81,4,84.65,60.0,92.9,100.0,100.0,80.69
36.09464908897428,33.627595620192885,20,1,87.58,4,88.35,81.67,77.45,100.0,100.0,83.64
36.2828522849437,34.471048783711844,40,1,96.19,4,96.23,94.46,100.0,100.0,100.0,78.88
36.34205933031453,34.73800535576755,40,1,91.44,4,90.79,99.57,100.0,100.0,80.6,38.26
36.54019754240159,34.04669096446222,40,1,87.34,4,87.98,72.92,100.0,100.0,100.0,61.09
36.63644517301479,34.278797477345336,60,1,89.15,4,89.59,69.05,100.0,100.0,100.0,88.76
36.54328997585066,34.63747564257073,40,1,95.61,4,95.7,88.49,100.0,100.0,100.0,91.51
36.13411533455688,34.848127419733856,10,1,91.32,4,92.36,100.0,100.0,100.0,100.0,23.64
36.29366745405571,34.231626375567735,30,1,91.79,4,92.03,82.22,94.85,100.0,100.0,83.98
36.89358838476254,34.67364714646379,40,1,89.52,4,89.7,86.67,100.0,100.0,100.0,36.98
36.68758870047846,34.70377319448903,30,1,92.18,4,92.31,82.59,100.0,100.0,100.0,75.29
36.699149050134274,34.5163223804922,40,1,91.01,4,91.73,77.19,100.0,100.0,100.0,85.73
36.72020325535135,33.987490225716975,20,1,91.48,4,91.67,79.35,96.99,100.0,100.0,84.72
36.81290301903952,33.37984640067824,10,1,77.54,3,76.29,63.13,49.58,100.0,100.0,74.35
36.108108481721445,33.27528888870422,20,1,68.77,3,71.58,73.03,45.03,100.0,39.7,97.13
36.58952743526167,34.04090325365539,40,1,85.72,4,84.14,79.24,99.6,100.0,100.0,4.53
36.388456483297325,33.90177982058076,40,1,86.22,4,84.32,81.06,100.0,100.0,100.0,0.0
36.894478873287184,34.159067762066186,30,1,87.6,4,87.97,66.8,97.68,100.0,100.0,83.92
36.53257250858729,34.13346032528708,60,1,85.24,4,85.51,69.26,96.34,100.0,100.0,54.63
36.818627589459375,34.58858086565231,60,1,90.44,4,90.63,81.47,100.0,100.0,100.0,61.87
36.90201551688117,33.42385136521962,30,1,59.14,2,59.07,63.76,29.57,100.0,0.0,90.28
36.5547914829035,33.610284265768875,40,1,79.22,3,78.64,65.04,68.61,100.0,100.0,54.08
36.95955224387135,34.51880796633541,60,1,92.24,4,92.46,81.78,100.0,100.0,100.0,79.28
36.63712394053698,34.60653898755785,30,1,94.93,4,94.74,92.39,100.0,100.0,100.0,70.21
36.90027429883372,34.84171874179339,30,1,93.18,4,93.54,96.0,100.0,100.0,100.0,47.4
36.39059079559152,34.646659226219334,40,1,97.58,4,97.81,100.0,100.0,100.0,100.0,78.11
36.54881695853148,34.67383841131573,30,1,89.18,4,89.82,73.29,100.0,100.0,100.0,78.31
36.58141104100457,33.75295670820785,40,1,72.7,3,72.17,60.86,100.0,100.0,21.04,57.62
36.15497971589607,33.892658614415005,40,1,78.57,3,79.4,75.16,100.0,100.0,55.2,35.68
36.44855250670154,33.678936167712884,20,1,80.98,4,82.85,72.72,75.51,100.0,100.0,59.34
36.96733767255167,34.22007903710835,30,1,86.12,4,86.63,72.8,85.24,100.0,100.0,77.44
36.68083224036474,34.75208856673126,40,1,88.52,4,88.15,80.37,100.0,100.0,100.0,40.34
36.227506582436966,33.80142541841859,10,1,87.34,4,87.65,72.99,97.26,100.0,100.0,63.01
36.3888556356096,34.14120285101032,30,1,87.56,4,87.77,83.88,100.0,100.0,100.0,26.07
36.2416030096627,33.72407940872558,10,1,81.9,4,79.82,62.07,99.76,100.0,100.0,12.46
36.97746045850403,33.56229684770985,10,1,55.26,2,52.12,65.46,22.58,100.0,0.0,29.62
36.49820732825687,33.34271255126101,10,1,66.21,3,63.75,76.44,65.0,100.0,0.0,28.17
36.35753507242078,34.76886963681481,40,1,91.73,4,87.66,83.41,100.0,100.0,68.78,73.22
36.64847719155773,33.89460737361221,10,1,65.41,3,65.93,78.66,72.55,100.0,0.0,28.19
36.05731445629301,34.58459342720337,40,1,94.05,4,93.89,89.93,100.0,100.0,100.0,69.14
36.32802210660081,34.34012715630351,30,1,91.41,4,92.36,90.9,100.0,100.0,100.0,50.88
36.68376977306926,33.530739594526544,20,1,77.9,3,77.64,82.17,93.49,100.0,0.0,92.92
37.03180594754253,34.54918112241688,10,1,70.41,3,66.86,60.93,95.28,100.0,30.12,0.0
36.67035770965804,33.67353873699126,20,1,82.82,4,83.37,78.73,79.64,100.0,90.63,52.27
36.52750587362773,34.711256293923164,60,1,91.04,4,91.18,87.54,100.0,100.0,100.0,49.22
36.95332787196405,34.33433378312715,20,1,87.33,4,84.42,95.23,65.0,100.0,100.0,28.54
36.77069594671835,34.553158201649495,20,1,96.92,4,97.13,99.2,100.0,100.0,100.0,73.7
37.013211223549376,33.62641022146503,10,1,74.47,3,74.33,60.0,45.5,100.0,100.0,72.3
36.83200517073817,33.691931781530506,20,1,81.34,4,78.27,52.67,92.09,100.0,67.95,88.63
36.91680143826192,34.793230217822725,20,1,93.06,4,93.6,90.6,100.0,100.0,100.0,64.17
36.16410407118364,33.67335616855385,60,1,82.86,4,82.17,78.72,77.26,100.0,100.0,31.02
36.78241350299378,33.93793127984008,10,1,86.85,4,86.47,86.89,65.28,100.0,100.0,73.44
36.49008869952736,33.94202494918779,60,1,89.01,4,91.12,87.76,78.95,100.0,100.0,90.07
36.60310380241127,33.6548555998875,10,1,71.29,3,70.06,72.65,95.98,100.0,0.0,40.72
37.019815116705566,34.484958949166646,40,1,87.62,4,86.53,87.26,100.0,100.0,100.0,3.48
37.03457808143162,33.855308822758055,10,1,66.82,3,66.92,65.73,68.66,100.0,0.0,84.7
36.33822824548791,34.58620126572917,40,1,89.41,4,89.56,81.17,100.0,100.0,100.0,52.14
36.78375349743792,33.590919895038404,20,1,85.57,4,86.71,79.21,69.46,100.0,100.0,90.49
36.39649286131304,34.163867779289184,40,1,88.68,4,89.36,75.74,100.0,100.0,100.0,66.38
36.827343127529176,33.582796917933535,20,1,59.13,2,59.29,65.16,15.56,100.0,46.53,46.47
36.5396997418169,34.08026342797933,30,1,85.15,4,85.12,64.62,100.0,100.0,100.0,57.33
37.03554016949492,34.54590517831179,40,1,95.76,4,96.03,90.13,100.0,100.0,100.0,89.86
36.51497345619365,33.39246720812009,30,1,80.47,4,80.36,63.32,65.13,100.0,100.0,83.35
37.02791697907384,33.88237544601423,40,1,84.98,4,80.79,87.53,51.62,100.0,100.0,42.02
36.46157600219406,34.44532128100782,20,1,92.81,4,92.9,85.99,100.0,100.0,100.0,71.06
36.84368215055997,33.844469133450175,40,1,91.97,4,92.32,82.6,100.0,100.0,100.0,75.43
36.13481927231183,33.55213827276102,30,1,81.07,4,79.67,79.0,65.0,100.0,100.0,29.67
36.60546171013776,33.56279332383454,10,1,79.22,3,79.39,81.15,62.42,100.0,72.19,67.31
36.85205978698572,33.906078059063994,60,1,88.0,4,89.34,76.87,86.91,100.0,100.0,88.99
36.87258309061743,34.62890306850562,30,1,96.1,4,96.7,92.24,100.0,100.0,100.0,90.32
36.08697072720117,34.27760386970879,10,1,96.82,4,97.09,100.0,100.0,100.0,100.0,70.86
36.42270234130673,34.354643127224804,40,1,89.85,4,90.26,79.62,100.0,100.0,100.0,63.74
36.09869847231385,34.822779474457455,20,1,93.33,4,93.94,99.59,100.0,100.0,93.18,50.83
36.15928229111456,33.908949504481555,40,1,91.94,4,92.65,78.03,100.0,100.0,100.0,92.41
36.725305628667485,33.895367045198604,40,1,91.91,4,92.97,77.31,100.0,100.0,100.0,97.75
36.763258196311696,34.7273551483613,20,1,94.63,4,95.21,84.83,100.0,100.0,100.0,97.61
36.82372068275162,33.64340093920809,20,1,78.96,3,73.73,60.0,76.71,100.0,86.89,23.54
36.91545654805566,34.41770439408459,10,1,83.62,4,85.88,76.56,100.0,100.0,56.97,93.71
36.78943146847651,34.45731702114902,30,1,88.49,4,87.88,89.62,100.0,100.0,100.0,9.95
36.85087159210663,33.40646079591271,40,1,66.58,3,61.64,60.0,19.45,100.0,72.91,38.13
36.09896370982327,33.99917024910974,10,1,94.99,4,95.3,88.65,100.0,100.0,100.0,87.07
36.28453515044129,33.57089995411449,60,1,59.56,2,61.29,73.65,22.73,100.0,0.0,96.47
36.67189777337524,33.54660043648398,40,1,82.2,4,83.23,66.11,82.45,100.0,100.0,69.11
36.90812530462482,33.992124976740605,20,1,80.6,4,83.92,80.77,95.4,100.0,50.03,81.02
36.05450012493966,33.713087532012906,40,1,86.03,4,84.08,82.6,82.1,100.0,100.0,28.86
36.56462934211635,34.52369671620139,30,1,92.32,4,92.58,87.27,100.0,100.0,100.0,64.02
36.72728739936439,34.70216782622477,30,1,95.37,4,95.25,93.96,100.0,100.0,100.0,70.6
36.07960728912861,34.534352968461384,40,1,94.19,4,94.45,89.95,100.0,100.0,99.55,75.32
36.45135555755338,33.675649396194665,10,1,71.61,3,68.3,60.0,85.21,100.0,21.09,50.92
36.9456348813837,33.688615029901776,20,1,58.68,2,58.43,63.86,35.0,100.0,0.0,72.68
36.72161280885586,33.657565360187945,10,1,71.72,3,67.89,60.0,100.0,100.0,32.58,0.0
36.28765836336059,33.466060953689976,10,1,84.68,4,85.36,76.54,65.0,100.0,100.0,93.96
36.90278112963191,34.76007738896594,40,1,95.24,4,95.35,92.03,100.0,100.0,100.0,77.41
36.903344671144055,33.6095031592734,40,1,68.0,3,68.22,71.26,21.97,100.0,76.35,60.01
36.64032025088314,33.888712484252466,40,1,82.44,4,80.7,60.0,86.44,100.0,79.76,84.45
36.44694006774783,33.30618689777547,20,1,59.38,2,61.55,65.48,35.0,100.0,0.0,99.06
36.93655756217186,34.27280054456988,10,1,87.45,4,88.35,72.73,100.0,100.0,100.0,65.29
36.23759368193949,34.50264843867476,10,1,90.95,4,92.59,100.0,92.4,100.0,100.0,41.08
36.13481159123576,33.587495021581944,60,1,86.63,4,85.22,83.87,100.0,100.0,59.46,61.44
36.39192693854566,34.71783294282583,40,1,95.71,4,96.07,94.03,100.0,100.0,86.95,98.19
36.76763914764157,34.611595392083466,60,1,90.19,4,90.25,80.98,100.0,100.0,100.0,59.6
36.85743160597628,34.60740920649773,10,1,89.96,4,90.18,72.43,100.0,100.0,100.0,84.55
37.04874337006676,33.61425783487874,40,1,70.37,3,72.04,67.11,20.82,100.0,100.0,77.4
36.34636205701116,33.33085758184009,20,1,74.36,3,76.51,78.26,65.89,100.0,50.08,73.41
36.45794195113128,34.637877663172134,30,1,95.9,4,95.99,89.85,100.0,100.0,100.0,90.33
36.186821278029626,33.739280365981706,60,1,84.78,4,84.77,60.4,90.75,100.0,100.0,85.03
36.62487192962303,34.24026620987764,30,1,88.38,4,88.71,79.55,100.0,100.0,100.0,48.49
37.04758003726291,34.465947013921166,40,1,83.37,4,82.85,60.0,100.0,100.0,100.0,48.55
36.75088101012066,33.45526921361779,60,1,75.78,3,76.49,73.39,100.0,100.0,0.0,94.74
36.442369092921794,34.75161833433771,10,1,87.38,4,87.33,76.31,100.0,100.0,100.0,44.42
36.96529876028555,34.41539994519425,10,1,91.66,4,91.77,85.63,97.51,100.0,98.73,67.67
36.546916596130345,33.95595639756889,60,1,90.21,4,90.46,80.38,100.0,100.0,100.0,63.45
36.184366913313056,34.65268502200273,40,1,96.24,4,96.72,90.98,100.0,100.0,100.0,94.26
36.41537846319913,34.093932208116094,40,1,86.92,4,86.61,99.02,69.16,100.0,100.0,30.73
36.117166668847766,34.44163348450681,10,1,95.13,4,96.63,92.3,100.0,100.0,100.0,89.44
36.25197903768878,34.562809510173764,10,1,91.96,4,92.07,80.76,100.0,100.0,100.0,78.36
36.06766878099991,34.44896457871841,60,1,91.42,4,91.94,91.78,100.0,100.0,100.0,44.06
36.50327991650016,33.710567801677044,40,1,78.74,3,77.16,69.22,75.17,100.0,100.0,13.59
36.68454026495179,33.43855024144933,40,1,59.9,2,60.27,78.12,20.72,100.0,0.0,76.84
36.3932924623789,33.631341646979294,20,1,68.89,3,66.1,74.43,18.83,100.0,100.0,0.0
36.47038177150528,34.054599899168565,20,1,90.52,4,90.93,80.87,99.98,100.0,100.0,66.78
37.00920927284457,34.058443075668954,40,1,69.26,3,68.48,60.0,81.09,100.0,15.3,69.61
36.59085663694495,33.882162940076626,20,1,83.22,4,82.72,73.09,65.0,100.0,100.0,77.97
36.33454087511182,34.509026210320044,30,1,88.51,4,89.14,75.62,100.0,100.0,100.0,64.52
36.94699679877299,34.711046000555534,40,1,89.44,4,89.66,80.38,100.0,100.0,100.0,55.44
36.28509711688066,33.64476008556716,10,1,81.21,4,80.5,77.11,80.84,100.0,70.02,56.96
36.37534273051667,34.42843714832302,30,1,92.07,4,93.08,83.65,100.0,100.0,100.0,79.89
36.95906481442295,34.33475496407208,40,1,82.51,4,81.46,63.52,100.0,100.0,100.0,24.01
36.57954205528507,34.08694479884691,10,1,84.46,4,84.66,74.17,93.33,100.0,79.09,68.82
36.79231794941797,33.551648374198656,40,1,65.67,3,65.01,62.45,71.19,100.0,0.0,70.39
36.640744794163766,34.52237161373234,10,1,94.09,4,94.19,84.39,100.0,100.0,100.0,88.68
36.703439209009495,34.787002057006134,40,1,90.8,4,91.21,86.68,100.0,100.0,100.0,52.09
36.37249234716866,34.8246964239168,40,1,95.88,4,96.25,90.18,100.0,100.0,100.0,91.92
36.20544156408342,33.81328107878278,40,1,90.18,4,90.63,85.3,91.48,100.0,83.95,91.55
36.924314365290805,34.27115768468214,30,1,89.32,4,89.81,78.82,100.0,100.0,100.0,61.66
36.33324693325011,34.00829238022092,40,1,89.12,4,89.01,91.3,100.0,100.0,100.0,16.26
36.611489394414384,34.82860599498117,10,1,96.83,4,96.91,98.02,100.0,100.0,100.0,75.07
36.84197442514137,33.40009251841236,40,1,65.44,3,65.61,78.24,48.09,100.0,0.0,75.21
36.83382410937571,33.90979986287556,10,1,82.67,4,83.59,84.61,96.06,100.0,58.88,51.66
36.48838625858419,34.65086247124358,30,1,92.14,4,93.25,100.0,100.0,100.0,100.0,32.46
36.52625730858672,33.704482096842426,40,1,74.91,3,73.97,60.76,72.4,100.0,54.13,81.46
37.04470174893502,34.5104685610222,40,1,93.63,4,93.42,84.68,95.81,100.0,100.0,88.51
36.72459747697902,33.86245306044841,30,1,80.93,4,80.17,83.53,68.84,100.0,60.76,72.32
36.86463844311788,34.81796566382425,40,1,94.6,4,95.13,97.98,100.0,100.0,100.0,57.4
36.95255396921923,34.66364773827793,40,1,91.37,4,92.1,74.46,100.0,100.0,100.0,97.59
36.83758983622933,33.732112572260185,60,1,73.03,3,72.35,75.27,84.26,100.0,0.0,79.19
36.235179344953565,34.482308981660566,40,1,92.95,4,93.41,86.51,100.0,100.0,100.0,74.51
36.61217073373757,33.78897047013323,20,1,94.54,4,94.55,89.43,100.0,100.0,100.0,77.17
36.702922126564,34.30356922942927,10,1,85.01,4,85.7,71.52,81.67,100.0,100.0,79.12
37.005349428187806,34.57735265453713,20,1,86.64,4,86.29,62.9,100.0,100.0,100.0,74.17
36.56273206430011,33.289121345411225,10,1,71.04,3,71.14,66.51,72.05,100.0,20.74,86.67
36.482972492867766,33.60225262584368,40,1,84.45,4,83.86,91.82,49.4,100.0,100.0,64.32
36.08584275141816,34.389068496941725,40,1,89.44,4,90.27,85.43,100.0,100.0,100.0,46.44
37.00977452232922,34.15163717915126,40,1,71.37,3,71.12,72.62,99.17,100.0,0.0,45.06
36.09107909330484,33.33833593073277,40,1,79.6,3,79.02,69.23,62.28,100.0,100.0,58.0
36.29606661150493,33.80724141353833,20,1,86.63,4,87.61,78.74,89.66,100.0,100.0,60.55
36.11553043391838,34.634160371057035,40,1,88.61,4,88.03,92.86,100.0,100.0,98.83,3.5
36.50511784241176,33.299428539257654,40,1,59.01,2,53.79,60.0,25.04,100.0,0.0,57.84
36.56608780125711,33.8842979765837,40,1,63.9,2,64.86,73.0,59.93,100.0,2.49,55.96
36.36256994902858,34.76223726027324,40,1,92.18,4,92.58,95.71,100.0,100.0,100.0,38.71
36.10096048257488,33.33140917527202,40,1,66.29,3,68.4,78.87,53.34,100.0,0.0,90.73
36.161600368249225,34.44952920167142,40,1,96.69,4,96.42,98.24,100.0,100.0,100.0,69.45
36.43450437798992,33.66218018589126,30,1,79.54,3,76.77,75.01,65.0,100.0,100.0,12.68
36.74818972560991,34.443708766334986,20,1,93.93,4,94.15,87.46,100.0,100.0,100.0,79.13
36.25702054152481,34.66712827337338,10,1,87.27,4,86.25,82.72,100.0,100.0,100.0,14.28
36.35207156878364,33.595479664690025,40,1,76.32,3,72.95,65.66,39.09,100.0,85.19,76.5
36.46660963306915,34.49683190971968,40,1,90.41,4,90.94,71.84,100.0,100.0,100.0,93.92
36.0516607076748,33.64311958879197,40,1,84.96,4,85.51,79.01,95.85,100.0,100.0,26.39
36.16207037099869,33.61919408842755,60,1,87.03,4,87.77,83.66,74.66,100.0,100.0,77.44
36.91276456374087,33.293491413596136,30,1,55.97,2,55.58,60.0,16.65,100.0,0.0,92.46
36.05123306251191,34.78362447036073,30,1,95.79,4,96.19,96.07,100.0,100.0,100.0,73.66
36.55816735581287,34.3860270080874,40,1,91.26,4,92.47,75.42,100.0,100.0,100.0,98.43
36.539502006507206,34.2668965664163,40,1,85.59,4,86.06,70.2,98.43,100.0,100.0,53.16
36.38309416101063,34.44039155631199,40,1,91.19,4,93.55,100.0,100.0,100.0,100.0,35.51
36.481327020146445,34.1005806699127,60,1,87.59,4,88.55,68.43,96.04,100.0,100.0,88.16
36.83058113752658,34.011814113744656,20,1,86.64,4,85.69,61.22,92.31,100.0,100.0,88.57
36.89120370621495,33.96925158579764,10,1,82.02,4,83.62,74.09,79.18,100.0,100.0,55.58
36.310348543415245,34.27470273936583,40,1,89.96,4,90.53,84.57,100.0,100.0,100.0,51.62
36.37249044096773,33.57245596062781,40,1,90.27,4,90.98,77.4,97.35,100.0,100.0,82.94
36.29248285302833,34.67089391202379,40,1,98.28,4,98.66,100.0,100.0,100.0,100.0,86.61
36.529863400551065,34.548803793950825,60,1,87.22,4,87.33,76.69,100.0,100.0,100.0,43.26
36.73325835765881,33.80930177832325,40,1,82.63,4,82.98,65.76,91.62,100.0,70.71,93.23
36.38073574205487,33.475643679920026,20,1,90.32,4,91.33,78.45,95.51,100.0,100.0,86.92
36.980384617589145,34.80575399669376,20,1,92.5,4,92.93,91.07,100.0,100.0,100.0,56.07
36.09856928984696,34.69462830020846,30,1,93.85,4,94.0,84.67,100.0,100.0,100.0,85.95
36.51076960523957,34.725036010398725,40,1,91.99,4,93.0,97.38,100.0,100.0,100.0,37.91
36.76155804159678,33.781460876325525,20,1,77.03,3,76.23,78.08,42.53,100.0,74.83,80.72
36.20045401155747,33.52061553181257,20,1,86.77,4,87.19,73.76,94.52,100.0,100.0,61.62
36.09737402000548,33.5888354615461,30,1,86.08,4,87.31,68.45,91.04,100.0,100.0,85.71
36.18820537163853,33.394002225672146,30,1,81.81,4,82.61,71.23,72.79,100.0,100.0,66.85
36.96882319353068,33.44217700816222,40,1,64.24,2,65.49,79.09,41.79,100.0,0.0,84.03
36.05925978182112,33.364087254695754,60,1,80.75,4,79.78,60.71,65.0,100.0,97.65,89.18
36.23832197481135,34.8337169107278,10,1,88.86,4,87.11,83.42,100.0,100.0,79.32,51.82
36.08128351290164,33.36849229339052,40,1,68.37,3,66.97,64.95,69.38,100.0,0.0,86.07
36.1606294675622,33.46206732952226,10,1,82.0,4,81.87,67.62,65.0,100.0,100.0,85.84
36.670149286628295,34.57360735294518,20,1,91.87,4,91.77,82.9,100.0,100.0,100.0,69.01
36.29163890873908,34.17838434678871,30,1,92.61,4,92.54,89.82,95.55,100.0,100.0,64.81
36.61921205043068,34.48906752731093,40,1,94.62,4,94.94,86.63,100.0,100.0,100.0,89.57
36.64019538276612,34.25945921243625,40,1,89.31,4,89.64,79.28,100.0,100.0,100.0,58.6
36.89943533308978,34.66148011252632,40,1,93.61,4,93.94,84.79,100.0,100.0,100.0,85.01
36.903369459342365,34.08540014864504,20,1,72.13,3,72.66,60.0,93.62,100.0,21.1,77.74
36.669119086426974,34.39039951001808,40,1,94.69,4,94.94,90.45,100.0,100.0,100.0,78.02
36.21274348610496,33.96582840286737,40,1,86.34,4,86.62,68.39,100.0,100.0,100.0,61.06
36.82293738813528,33.80370211664758,10,1,68.31,3,67.11,66.1,89.8,100.0,28.08,1.07
36.90549154179058,33.99824392392034,30,1,81.86,4,81.59,75.56,65.0,100.0,93.21,69.43
36.30426348375416,33.5215425681577,10,1,72.59,3,76.53,70.3,86.9,100.0,49.03,57.08
36.96879368090268,34.52451476768431,10,1,94.21,4,94.64,84.09,100.0,100.0,100.0,94.11
36.50445743029866,33.66712605013751,20,1,78.06,3,76.54,72.6,82.68,100.0,64.22,35.87
36.65342445433332,33.495650474139275,20,1,77.07,3,77.71,64.61,54.3,100.0,100.0,74.7
37.03464953361764,33.64416358685316,60,1,79.91,3,79.06,80.32,29.19,100.0,100.0,91.31
36.4115360786392,34.597312242835585,60,1,90.57,4,91.51,92.5,100.0,100.0,100.0,37.55
36.86315934582011,33.77832207295637,40,1,77.22,3,77.43,72.36,41.72,100.0,100.0,73.82
36.36839911782846,34.347679791209444,40,1,90.85,4,91.18,89.09,100.0,100.0,100.0,44.5
36.65073391886264,33.374391467080066,30,1,84.79,4,84.93,86.04,65.0,100.0,78.5,93.38
36.2663556952254,34.47403904828487,40,1,90.34,4,91.1,75.15,100.0,100.0,100.0,85.56
36.46402609378924,33.74226474620645,40,1,78.38,3,78.39,73.82,55.6,100.0,100.0,51.27
36.36763563436356,33.59659578269447,60,1,72.7,3,73.49,68.82,65.09,100.0,50.57,72.4
36.12810839308036,34.35224232392476,40,1,93.81,4,94.37,81.85,100.0,100.0,100.0,98.18
36.079834770099694,34.70567459637318,10,1,93.07,4,93.33,86.28,98.65,100.0,98.29,79.72
36.39647865540718,33.72203073393983,40,1,80.45,4,80.44,65.83,65.0,100.0,100.0,76.92
36.06903414781748,34.16013408861491,20,1,95.49,4,95.52,93.82,100.0,100.0,100.0,73.79
36.21548775758177,33.713734582159184,20,1,74.26,3,73.68,63.34,100.0,100.0,7.16,86.03
36.775183320850864,34.136856937162285,40,1,87.7,4,87.91,84.88,100.0,100.0,100.0,24.48
36.75809123568359,34.24497924904695,40,1,94.01,4,94.46,83.48,100.0,100.0,100.0,94.1
36.78858038645738,34.22653662206429,10,1,83.7,4,83.34,73.24,100.0,100.0,67.03,63.12
36.36715317112998,34.247674191428395,30,1,93.49,4,94.11,86.12,100.0,100.0,100.0,82.77
36.94001945711769,33.46612766754804,40,1,55.48,2,53.36,62.71,5.77,100.0,0.07,83.84
36.64383054802845,34.359664751338755,10,1,82.5,4,81.69,67.98,90.87,100.0,100.0,31.25
36.193718661455534,34.34214099554701,40,1,93.09,4,93.39,90.3,100.0,100.0,100.0,62.97
36.7430954269297,33.36851288438193,40,1,64.18,2,63.42,70.3,62.19,100.0,0.0,48.9
36.22294393644208,33.964942147862644,10,1,86.52,4,87.64,80.58,81.64,100.0,100.0,71.4
36.55729270158204,33.90445621127317,60,1,82.56,4,82.15,70.58,89.58,100.0,100.0,30.59
37.04177447592871,33.38873837382912,60,1,58.53,2,56.77,60.31,22.28,100.0,0.0,92.2
36.054007604733336,33.605788684634895,20,1,83.48,4,83.26,71.55,91.99,100.0,81.79,61.27
36.066579801897554,33.95554021087686,40,1,79.25,3,73.94,63.2,100.0,100.0,66.31,0.36
37.0430845819305,34.438650095772935,40,1,89.35,4,89.8,78.12,100.0,100.0,100.0,63.66
36.634638834134165,33.62929932317546,10,1,84.26,4,85.61,74.4,68.7,100.0,100.0,95.53
36.17690997551851,34.57759985619986,40,1,92.41,4,92.54,88.4,100.0,100.0,100.0,60.25
36.93038030012769,34.46667469629539,40,1,83.73,4,84.23,69.56,77.08,100.0,100.0,79.49
36.58620041311137,34.00608957333897,60,1,88.26,4,88.75,69.26,100.0,100.0,100.0,79.7
36.671792029860754,34.04871076067556,10,1,87.2,4,88.23,76.56,100.0,100.0,100.0,52.67
36.32318719150087,34.241551023007425,60,1,90.56,4,90.99,83.73,100.0,100.0,100.0,58.71
36.100519696372,34.73475297306532,60,1,85.32,4,79.43,72.9,100.0,100.0,36.67,70.57
36.64456760889086,34.036900130260655,10,1,88.7,4,89.97,81.06,85.72,100.0,100.0,85.11
36.34475519320276,34.095852060973264,40,1,91.87,4,92.56,81.42,100.0,100.0,100.0,81.34
36.71362104666035,34.21319514164405,40,1,84.48,4,84.24,60.0,86.8,100.0,100.0,88.83
36.8862451768426,34.43002421967636,60,1,88.7,4,90.07,77.8,85.61,100.0,100.0,96.1
36.06816054391436,33.36496053677798,10,1,78.12,3,76.67,63.32,70.43,100.0,100.0,35.83
36.64571377468573,34.07509990163516,30,1,80.03,4,79.99,71.67,68.35,100.0,98.26,50.81
36.28128053968685,34.02054654272967,40,1,83.37,4,83.59,65.98,91.84,100.0,100.0,54.28
36.9238884979038,34.72469597478011,30,1,91.16,4,91.53,86.8,100.0,100.0,100.0,54.9
36.30366450656182,34.03961052869815,40,1,96.0,4,96.2,95.22,100.0,100.0,100.0,76.31
36.66077013323542,33.99931285551093,40,1,83.17,4,83.79,77.18,63.76,100.0,100.0,78.84
36.60354084008961,34.78951998165552,60,1,88.41,4,89.08,66.53,100.0,100.0,100.0,91.22
36.44616650005925,33.97092234176141,10,1,87.29,4,88.47,78.98,100.0,100.0,100.0,47.82
36.72762076359979,33.53941508851535,60,1,62.58,2,57.63,65.45,65.0,100.0,0.0,0.0
36.77576963471543,33.59706579648926,40,1,63.2,2,63.24,60.0,70.43,100.0,0.0,61.51
36.61693779531939,33.40230006133916,60,1,72.08,3,70.64,69.63,27.56,100.0,100.0,42.4
36.80842223718475,33.25090900681431,10,1,63.82,2,63.39,70.55,65.0,100.0,0.0,42.24
37.033417075992936,33.941113057600774,40,1,60.96,2,57.65,64.02,57.27,100.0,0.66,18.88
36.56458305188553,34.423546308479736,40,1,88.08,4,88.27,62.9,100.0,100.0,100.0,93.99
36.06246987794121,33.30143854048456,10,1,80.38,4,80.62,63.79,73.89,100.0,100.0,67.11
36.84602855631037,34.16197264575045,40,1,81.93,4,82.83,73.87,66.1,100.0,100.0,74.51
36.57023006704599,33.49685300066156,10,1,52.42,2,49.72,63.28,17.22,100.0,15.26,0.0
36.45796143036056,34.755722055623515,10,1,93.29,4,93.26,81.3,100.0,100.0,100.0,88.66
36.1440719630894,33.517783999430684,40,1,77.09,3,76.43,77.81,100.0,100.0,53.02,1.36
36.939656421675394,34.25262274831597,60,1,91.49,4,91.47,80.14,100.0,100.0,100.0,74.3
36.44500724004055,33.77198137946249,40,1,89.06,4,89.7,75.25,90.67,100.0,100.0,89.93
36.732581598209215,34.276498121542964,10,1,88.27,4,87.08,85.77,100.0,100.0,100.0,13.54
36.19937415636815,33.90961375434252,20,1,89.52,4,90.12,71.54,100.0,100.0,100.0,86.63
37.01154962954103,34.46542888369023,30,1,84.09,4,84.6,67.93,100.0,100.0,100.0,42.15
36.22844176182183,33.619086600524575,10,1,76.89,3,74.11,68.25,35.0,100.0,100.0,66.37
36.908982860557714,34.050335438901364,20,1,63.97,2,61.15,60.0,74.17,100.0,0.0,33.18
36.962582744141926,34.45974903634057,10,1,89.33,4,89.53,73.48,100.0,100.0,100.0,74.84
36.2621474075233,34.60956830624197,40,1,90.84,4,90.67,97.82,100.0,100.0,100.0,13.23
36.51980088817483,34.84812577752769,10,1,94.46,4,94.6,96.05,100.0,100.0,100.0,57.88
36.78349490456283,33.60831306495033,30,1,62.35,2,62.42,72.71,43.04,100.0,0.0,69.94
36.9283657338108,33.70902786170153,40,1,60.3,2,59.88,69.12,37.25,100.0,0.0,66.93
36.4290526950373,33.65069293877102,10,1,69.67,3,76.97,85.37,75.45,100.0,48.07,40.53
36.56701948684943,33.67059413145565,40,1,79.61,3,75.06,60.75,65.0,100.0,74.97,75.88
36.79171641051973,34.181911586463,40,1,87.61,4,88.24,67.05,100.0,100.0,100.0,81.2
36.78113597665279,34.83963603703335,40,1,96.84,4,97.43,96.5,100.0,100.0,100.0,84.81
36.83296013002608,34.83444493934841,20,1,91.8,4,91.87,85.61,100.0,100.0,100.0,61.9
36.61993381864152,34.09283717017969,30,1,89.07,4,89.42,70.13,100.0,100.0,100.0,83.82
36.154615096804775,34.27244353642348,40,1,90.32,4,90.59,88.67,100.0,100.0,100.0,39.91
36.95397329087804,34.62595286992257,10,1,90.27,4,90.74,77.02,100.0,100.0,100.0,76.36
36.91557253932103,34.74269353352561,10,1,88.04,4,88.14,75.34,100.0,100.0,100.0,55.42
36.84809743581833,33.576177003727274,20,1,73.37,3,65.08,60.0,45.98,100.0,65.54,30.51
36.14986247716072,34.09566676630793,10,1,86.95,4,86.91,83.95,100.0,100.0,100.0,17.24
36.254397367081424,34.582539287458424,10,1,92.84,4,93.19,89.04,100.0,100.0,100.0,64.82
36.07314009458194,33.953694467968745,40,1,91.84,4,92.69,76.82,100.0,100.0,100.0,96.46
37.02922463370728,34.826993762419214,40,1,88.55,4,88.25,80.5,100.0,100.0,100.0,41.04
36.42714468035568,34.8260747147534,20,1,98.28,4,98.75,100.0,100.0,100.0,100.0,87.48
36.76931253369082,34.69977089722429,10,1,94.21,4,93.37,93.25,100.0,100.0,84.45,77.25
36.93757108848804,34.527517351724896,40,1,87.95,4,87.84,81.21,100.0,100.0,100.0,34.77
36.44462988815008,33.68060880115649,40,1,82.0,4,81.16,60.0,75.29,100.0,100.0,80.98
36.36913248859966,33.7633601185075,60,1,83.66,4,85.0,66.32,79.9,100.0,100.0,91.19
36.65874112889824,34.1256525459278,10,1,85.45,4,84.75,66.64,100.0,100.0,80.6,76.63
36.63098937374805,34.14724379929922,10,1,87.63,4,88.14,77.48,100.0,100.0,100.0,48.9
36.4591399776248,34.05880451097131,40,1,89.36,4,89.93,72.68,100.0,100.0,100.0,81.31
36.651774755867706,34.26867244786609,30,1,93.15,4,93.53,93.82,100.0,100.0,100.0,53.89
36.98538136956649,33.90331683621278,10,1,82.86,4,82.29,60.0,90.29,100.0,80.92,90.9
36.51764025662659,34.44867865170485,30,1,89.8,4,90.04,71.72,100.0,100.0,100.0,85.22
36.24674218075063,33.78367988236537,10,1,90.57,4,90.95,77.71,100.0,100.0,100.0,76.35
36.18110869302622,33.55193953604627,40,1,82.2,4,82.48,60.0,81.54,100.0,100.0,81.71
36.21287150055455,34.610833406274175,30,1,92.97,4,92.68,85.43,94.44,100.0,100.0,81.64
36.73456207339368,33.96405174172871,40,1,86.04,4,85.31,86.23,100.0,100.0,60.3,53.93
36.3894777542089,33.61458845848453,40,1,55.41,2,57.11,89.34,0.0,100.0,5.19,45.29
37.00489839185581,34.46494576003582,40,1,84.92,4,85.4,74.39,100.0,100.0,100.0,30.86
36.293596745358606,34.13636980130698,40,1,86.5,4,83.57,78.56,100.0,100.0,100.0,0.0
36.14892450510482,33.28384961827727,60,1,78.95,3,78.43,61.1,69.64,100.0,100.0,61.71
36.80350456300025,33.756178331738745,20,1,81.87,4,81.28,75.72,51.0,100.0,100.0,83.63
36.93103605191786,33.533202257794144,40,1,70.06,3,71.07,79.66,74.05,100.0,0.0,73.58
36.25208810164548,33.6900496650084,60,1,81.09,4,80.53,73.71,58.7,100.0,100.0,66.82
36.235766134871085,33.35391484673591,60,1,74.49,3,71.94,61.3,44.63,100.0,74.31,84.77
36.57201230136651,33.33789598271627,30,1,63.35,2,62.85,65.86,74.89,100.0,0.0,31.15
36.518416641246766,34.180763676733946,40,1,87.67,4,88.42,91.69,72.59,100.0,100.0,63.91
36.30943983985453,33.284757529126544,20,1,51.02,2,51.25,63.71,10.09,100.0,23.73,15.64
36.09517311698942,34.60806738101774,40,1,85.67,4,86.24,71.89,100.0,100.0,100.0,46.68
36.53149134032628,33.49863539081164,20,1,60.84,2,61.29,65.14,47.5,100.0,14.91,50.1
37.009332347635606,34.220506136312686,40,1,79.83,3,80.1,72.02,78.99,100.0,57.14,91.26
36.70251920075266,33.961500844817195,60,1,61.11,2,59.37,60.0,54.69,100.0,0.24,53.99
36.16069207402961,33.36487542777607,40,1,61.28,2,60.16,74.82,19.82,100.0,5.85,78.69
36.30243629054959,34.534403600339544,10,1,89.69,4,86.74,100.0,100.0,100.0,52.76,38.3
36.34477394957454,34.6788839756052,30,1,91.53,4,91.9,75.13,100.0,100.0,100.0,93.66
36.81480355260723,33.26762666781477,10,1,55.6,2,54.66,69.33,0.0,100.0,0.0,88.61
36.92671079726462,33.53576668111539,10,1,70.76,3,72.66,74.45,66.87,100.0,31.61,72.09
36.95164185356644,34.69624670207277,60,1,93.79,4,94.27,87.09,100.0,100.0,100.0,81.45
37.03456860825075,34.1291897804801,40,1,85.41,4,86.25,63.59,93.37,100.0,100.0,84.97
37.03236668310453,33.490063325197134,10,1,64.86,2,63.28,60.0,52.7,100.0,10.69,81.37
37.002999132767975,33.57446472417465,40,1,59.47,2,58.98,66.11,41.93,100.0,0.0,57.59
36.12182214050288,34.30597799077938,10,1,88.94,4,89.32,85.13,100.0,100.0,100.0,37.77
36.1877935359278,34.409706915594995,30,1,89.44,4,89.47,79.92,100.0,100.0,100.0,54.95
36.35446652647603,34.209082893727896,20,1,88.57,4,88.83,92.82,98.91,100.0,72.66,53.05
36.602898254064456,34.77503740786004,10,1,91.83,4,91.98,82.88,100.0,100.0,100.0,71.13
36.14697788870548,34.04050176585884,40,1,75.88,3,78.45,62.31,100.0,100.0,39.11,88.92
36.89579695780214,33.730435059428046,40,1,57.71,2,56.15,66.4,19.73,100.0,0.0,72.89
36.6667561790773,34.01357265596128,40,1,86.36,4,87.07,79.36,89.6,100.0,91.53,66.17
36.21531132336729,33.6090654282795,60,1,82.52,4,79.15,76.28,78.06,100.0,100.0,6.55
36.21031202498226,33.8135399897042,60,1,83.64,4,83.75,65.7,100.0,100.0,100.0,40.35
36.9019331577948,34.38825495633559,60,1,91.53,4,92.0,74.15,100.0,100.0,100.0,97.54
36.78512942751963,33.9526856211295,20,1,76.8,3,76.19,60.0,55.36,100.0,100.0,71.23
36.34603286291002,34.28041504231979,10,1,89.74,4,89.96,81.28,100.0,100.0,100.0,55.78
36.42125263708827,34.226646574678895,40,1,88.98,4,88.06,91.85,100.0,100.0,100.0,5.05
36.82235298767456,34.388729313471025,40,1,90.27,4,90.87,85.34,100.0,100.0,100.0,52.65
36.991538856738096,34.01003591040698,40,1,80.49,4,79.5,84.64,42.6,100.0,100.0,55.92
36.17065533744368,34.21544953198018,40,1,83.07,4,83.04,71.19,83.5,100.0,100.0,49.84
36.94612208242363,33.642905662095124,10,1,55.33,2,55.05,60.0,12.74,100.0,0.0,94.99
36.15039564564981,33.31808290823484,40,1,71.46,3,68.2,73.12,65.0,100.0,6.84,72.42
36.314539811151306,33.60774451340168,10,1,62.58,2,63.39,67.54,53.52,100.0,1.75,71.6
36.89647853606795,33.97783104277222,10,1,81.16,4,81.72,74.09,66.33,100.0,100.0,62.24
36.22949207234608,33.912288510487365,40,1,87.51,4,88.15,81.52,76.53,100.0,100.0,83.92
36.46356793130997,33.53266717012346,10,1,67.15,3,69.75,86.41,50.28,100.0,0.0,87.69
36.49985929994412,34.56906486829359,60,1,87.93,4,87.21,88.67,100.0,100.0,100.0,6.1
36.29525897302321,34.73109866997876,40,1,91.01,4,91.43,83.08,100.0,100.0,100.0,65.05
36.760245201335984,33.57215731048434,40,1,74.85,3,75.79,73.82,100.0,100.0,0.0,86.46
36.9013346494022,34.73731666490755,10,1,89.74,4,89.41,71.03,100.0,100.0,100.0,81.0
36.38932214573656,34.72993995633112,40,1,89.12,4,89.3,88.61,100.0,100.0,100.0,27.19
36.580850394287815,34.77308606412945,40,1,93.88,4,91.66,90.6,81.03,100.0,100.0,82.74
36.29840640386565,33.26928298082548,40,1,68.36,3,66.88,60.0,0.0,100.0,100.0,88.75
36.29479650155015,34.4708308748428,40,1,87.83,4,87.96,63.89,100.0,100.0,100.0,87.95
36.21125406285192,34.80232251611175,40,1,86.44,4,86.23,76.61,100.0,100.0,100.0,32.44
36.99001901080752,34.69944355010845,40,1,97.36,4,97.42,98.31,100.0,100.0,100.0,79.27
36.82735871332769,34.130517609116225,30,1,87.14,4,88.69,81.93,80.29,100.0,100.0,80.49
36.567661521287725,33.375049823816624,60,1,60.34,2,56.28,60.33,27.52,100.0,9.48,62.54
36.54060791551187,34.60966271648806,30,1,91.88,4,92.04,82.54,100.0,100.0,100.0,72.81
36.5797456661825,34.232125209294416,20,1,81.39,4,78.88,78.45,63.57,100.0,100.0,26.32
36.586568013577086,34.233578790701266,30,1,94.08,4,94.51,94.3,100.0,100.0,100.0,62.2
36.48456308469769,33.9176057757739,30,1,90.15,4,90.02,80.64,100.0,100.0,100.0,58.26
36.18175483289207,34.164947162433776,30,1,89.84,4,89.86,85.26,100.0,100.0,100.0,42.86
37.00224971584568,34.43363204250584,40,1,84.78,4,85.69,71.9,80.33,100.0,100.0,80.57
36.53203075958635,33.370027691762466,60,1,71.58,3,73.3,76.69,82.19,100.0,0.0,88.56
37.003205524905184,34.41764922727007,10,1,88.56,4,89.38,86.09,85.53,100.0,100.0,64.43
36.21357687771011,34.608365476199765,40,1,95.42,4,95.68,96.24,100.0,100.0,100.0,68.04
36.60441655203993,34.00594988410318,10,1,86.82,4,86.95,73.85,100.0,100.0,90.65,61.98
36.25771725335154,34.06572858569128,40,1,88.32,4,88.56,75.35,100.0,100.0,100.0,59.58
36.3031846061266,33.749542836675325,30,1,77.78,3,74.42,66.19,67.36,100.0,100.0,10.87
36.08005457876118,34.80113373396094,40,1,91.96,4,91.15,84.37,100.0,100.0,88.31,75.97
36.16895331074021,34.42299915929527,40,1,87.9,4,88.92,76.93,100.0,100.0,100.0,58.38
36.96684840762919,33.840381685280555,20,1,59.78,2,64.15,72.91,42.07,100.0,0.0,88.61
36.371532991482326,33.52969181797281,20,1,66.54,3,68.99,68.35,38.91,100.0,47.99,85.0
36.65812921191459,33.601327347523345,30,1,62.46,2,61.75,72.91,39.61,100.0,0.0,69.57
36.51501413198927,33.992275657776084,20,1,87.19,4,87.33,80.54,72.38,100.0,100.0,86.9
36.45045124524528,34.75810944050294,40,1,88.15,4,88.56,77.86,100.0,100.0,100.0,51.99
36.581886091346064,34.42463415321747,40,1,86.84,4,87.13,71.43,100.0,100.0,100.0,57.05
36.86830786870386,33.85512083681549,30,1,69.75,3,66.89,62.32,100.0,100.0,0.0,31.97
36.79161463273151,34.612755492404034,60,1,94.99,4,96.01,98.44,100.0,100.0,100.0,64.75
36.51875929701395,33.63671935676981,40,1,65.48,3,62.95,60.0,68.15,100.0,42.13,0.0
36.20287712212633,34.23985697909811,10,1,97.11,4,97.45,100.0,100.0,100.0,100.0,74.53
36.39138706738172,33.66263041463647,40,1,91.0,4,91.32,81.55,99.51,100.0,100.0,69.57
36.10010668969693,34.358682544937366,40,1,96.4,4,97.41,93.43,100.0,100.0,100.0,93.78
36.39240367681062,34.82970019193143,40,1,95.32,4,95.89,95.24,100.0,100.0,100.0,73.12
36.84445703049588,33.490957259588804,60,1,70.38,3,69.72,81.11,65.0,100.0,0.0,73.86
36.672708744988206,33.39144366512108,40,1,60.99,2,59.94,60.0,48.61,100.0,15.55,48.82
36.84363538386238,33.79357751639845,30,1,72.64,3,68.62,61.9,16.98,100.0,93.54,76.26
36.26195461108054,33.363991163786544,60,1,84.32,4,85.57,60.0,89.46,100.0,100.0,96.76
36.973783316093176,34.010488988613766,40,1,85.03,4,85.43,65.67,95.68,100.0,100.0,65.89
36.48798960292037,34.45603308743033,40,1,98.21,4,98.7,100.0,100.0,100.0,100.0,87.04
36.05230877258674,33.78607500400822,10,1,94.45,4,95.21,95.95,100.0,100.0,100.0,64.29
37.043368498411176,34.60311904103516,30,1,80.11,4,84.1,99.59,100.0,100.0,5.71,83.66
