longitude,latitude,worldcover_label,eligible_land,damask_rose_model_score,damask_rose_model_class,damask_rose_rule_score,damask_rose_soil_component,damask_rose_water_component,damask_rose_heat_component,damask_rose_vegetation_component,damask_rose_terrain_component
36.82395604855597,33.34930097046425,40,1,44.26,1,43.0,60.0,0.0,100.0,0.0,0.0
36.48887843975205,33.98321926645842,60,1,79.58,3,81.12,72.94,78.18,100.0,100.0,46.93
36.90859791991138,33.45644809149127,40,1,48.27,1,48.07,54.2,0.0,100.0,0.0,68.07
36.14417734788765,34.261652500848335,30,1,86.24,4,88.49,90.73,83.76,100.0,100.0,53.31
37.02562235163676,33.87868382651237,40,1,49.28,1,48.55,53.48,0.0,100.0,3.47,71.63
36.81113970199035,34.724963920247994,40,1,88.09,4,88.92,81.24,100.0,100.0,100.0,45.46
36.83606430527695,33.76065039137291,40,1,60.39,2,61.07,64.85,36.62,100.0,0.0,74.61
36.17811363267554,34.41188820541424,60,1,88.12,4,88.63,72.37,100.0,100.0,100.0,69.23
36.500385937895565,33.987759088247856,40,1,70.07,3,69.36,63.65,63.94,100.0,29.26,63.49
36.42079802423258,34.30592208180685,40,1,76.22,3,77.29,71.94,62.31,100.0,100.0,51.32
36.9767649888486,34.20951257074559,60,1,78.14,3,80.76,70.61,87.14,100.0,74.91,53.02
36.69386512008066,34.006454356414395,40,1,59.08,2,55.84,25.83,53.18,100.0,51.49,46.44
36.872761613270825,34.7700977513991,10,1,85.47,4,86.0,80.84,100.0,100.0,100.0,17.47
36.49341419882733,33.79834182840793,10,1,70.01,3,71.13,60.0,37.21,100.0,97.63,90.64
36.27723872178478,33.533576801998834,60,1,65.83,3,64.03,76.07,61.82,100.0,7.57,0.0
36.60458478701583,34.334950497407725,40,1,88.89,4,89.55,77.24,94.04,100.0,100.0,78.67
36.11381725610417,34.603612098092654,60,1,93.88,4,96.39,95.73,100.0,100.0,100.0,76.74
36.877631171992576,33.314405983903875,20,1,48.85,1,48.2,63.52,0.0,100.0,21.19,20.25
36.68166439912206,33.96941230147629,40,1,66.16,3,66.58,65.5,54.18,100.0,0.0,83.86
37.0206980243949,34.836892346396205,40,1,80.14,4,80.07,49.29,100.0,100.0,100.0,52.84
36.94312112132219,34.10026209855559,10,1,76.12,3,77.79,76.97,57.21,100.0,100.0,53.95
36.82838349707376,34.30599315008185,40,1,72.39,3,72.15,63.54,72.36,100.0,100.0,0.0
36.24463870785196,33.733968449820686,40,1,78.46,3,81.85,84.66,66.26,100.0,75.32,73.57
36.51672100372703,34.76605695946559,30,1,89.89,4,91.65,89.43,100.0,100.0,100.0,48.21
36.09380376578723,33.836136781690456,20,1,75.17,3,75.45,69.35,64.33,100.0,100.0,35.63
36.204289492067545,34.431617140298606,60,1,89.25,4,92.0,91.93,100.0,100.0,100.0,44.17
36.73304895324245,33.89502432659053,10,1,49.46,1,48.45,52.57,5.62,100.0,0.0,62.79
36.79476215590781,34.1489102881008,40,1,71.06,3,74.56,70.92,56.9,100.0,51.43,89.13
37.017509732434206,34.40165205603447,40,1,79.01,3,81.79,60.44,79.67,100.0,100.0,87.42
36.37582535813815,34.06429464280217,60,1,76.72,3,77.83,86.35,79.23,100.0,56.64,14.52
36.42045970603487,34.701338123055216,40,1,86.02,4,86.0,66.01,100.0,100.0,100.0,61.99
36.51955581127581,33.920881580684494,30,1,63.96,2,57.16,31.85,71.73,100.0,0.0,46.73
36.23947135908429,34.28531487702932,10,1,83.08,4,82.46,70.36,93.1,100.0,100.0,30.72
36.17992150533547,33.79777989328009,30,1,79.29,3,80.16,76.1,65.0,100.0,100.0,60.76
36.525704926225934,33.90305066916962,20,1,74.37,3,77.06,76.0,55.12,100.0,75.03,79.78
36.71981399468251,33.451291229299656,30,1,54.5,2,54.72,69.3,0.0,100.0,0.0,89.25
36.48715191887233,33.39675788649441,10,1,47.48,1,46.28,61.41,0.0,100.0,0.0,28.57
36.750265102002245,34.29882838134888,10,1,86.85,4,87.38,71.14,100.0,100.0,97.58,62.77
36.36236664138204,34.31065554273615,10,1,84.17,4,84.24,72.8,88.72,100.0,100.0,52.27
36.8822598013952,33.281626312548305,40,1,50.62,2,47.91,60.0,0.0,100.0,49.13,0.0
36.8547643574968,33.77247494827485,10,1,69.51,3,71.23,67.85,81.68,92.37,0.0,69.79
36.437478379030175,33.56649575561472,10,1,58.14,2,52.47,53.45,45.74,100.0,0.0,0.0
36.1897524836093,33.64468860356184,40,1,60.4,2,60.39,66.21,38.35,100.0,0.0,59.4
36.24990820247511,34.31855865415678,40,1,89.01,4,89.41,76.79,100.0,100.0,100.0,63.74
36.057362269751,33.45698048553324,10,1,52.31,2,51.73,69.53,0.0,100.0,30.57,28.12
36.71485085659203,33.471847193973474,40,1,54.69,2,56.04,70.97,0.0,100.0,36.46,61.02
36.75516537862633,33.703633226558765,10,1,65.04,3,63.51,66.98,44.9,100.0,36.17,35.73
36.83072903102197,34.329578475758844,30,1,73.8,3,74.6,68.82,83.36,100.0,14.92,66.19
36.508915775538334,34.706523056296405,40,1,87.58,4,87.5,82.77,94.3,100.0,100.0,40.96
36.61874119595289,33.5740358526787,10,1,52.29,2,50.27,64.05,0.04,100.0,31.81,28.61
36.189796998127655,34.11732645592115,20,1,80.89,4,81.78,79.93,78.19,100.0,100.0,32.53
36.16453007353597,34.37222576198949,30,1,90.27,4,90.2,82.87,100.0,100.0,100.0,53.41
36.71840296179047,34.77467594957691,40,1,81.15,4,80.76,49.28,100.0,100.0,100.0,59.78
36.52109620614313,34.22609677261948,10,1,70.82,3,69.19,60.0,57.17,100.0,100.0,18.97
36.615236106481184,33.65817108964381,40,1,65.26,3,62.46,74.78,58.29,100.0,0.0,4.5
36.81499885741602,34.2507650510623,20,1,83.79,4,83.76,73.9,93.86,100.0,100.0,31.28
36.68471832000058,33.76278585868483,40,1,51.17,2,52.45,48.6,17.31,100.0,45.85,39.54
36.60357940065799,34.81180542510673,20,1,87.8,4,88.92,84.66,100.0,100.0,100.0,35.23
36.60920716074541,33.88948181626182,30,1,73.14,3,75.38,82.94,65.0,100.0,0.0,92.48
36.35395009806261,34.346684353217626,40,1,85.91,4,85.98,86.59,100.0,100.0,100.0,0.0
36.08081783456794,33.287164131754814,40,1,51.85,2,50.19,71.92,0.0,100.0,0.0,36.15
36.48671738923236,33.890098313815606,10,1,62.78,2,62.23,61.41,51.98,100.0,0.0,58.13
36.26458467281952,34.65017218131602,40,1,85.36,4,85.56,73.75,100.0,100.0,100.0,34.36
36.903403073268166,33.96030861823356,20,1,46.52,1,50.31,50.37,29.81,100.0,0.0,27.44
36.28393948586534,34.747499999097165,40,1,84.34,4,84.41,72.93,100.0,100.0,100.0,25.29
36.108302741689066,34.616375001835564,40,1,92.23,4,92.96,90.15,100.0,100.0,100.0,59.19
36.34359375776668,34.121277443266145,40,1,80.09,4,81.4,71.32,73.96,100.0,89.33,75.79
36.711916514726894,34.03371880974794,60,1,59.91,2,54.85,59.16,8.4,100.0,100.0,0.0
36.60703215234128,34.26152400018378,40,1,64.52,2,61.77,28.9,73.89,100.0,88.36,7.96
36.83389820910641,33.78457802713401,40,1,66.11,3,66.24,63.1,62.72,100.0,6.95,59.39
36.71431354032738,33.64072800122542,20,1,60.05,2,61.03,60.0,45.27,100.0,37.21,29.89
36.45638686144007,34.71027493640886,40,1,93.38,4,93.39,93.06,100.0,100.0,100.0,54.68
36.864020384666034,34.72819919919761,10,1,79.17,3,80.54,44.3,100.0,100.0,100.0,72.48
36.2169729199077,34.599316617219166,30,1,86.41,4,87.29,77.97,100.0,100.0,100.0,39.04
36.07271207313386,34.8151270892233,20,1,85.44,4,85.45,67.91,100.0,100.0,100.0,50.76
36.14004786077564,34.4419864412475,40,1,84.89,4,85.16,80.57,88.84,100.0,100.0,37.79
36.772359350596446,34.4734675656992,40,1,75.56,3,73.77,62.68,79.85,100.0,100.0,0.0
36.511877230251386,34.470144147140225,60,1,86.22,4,86.27,72.71,96.33,100.0,100.0,53.77
36.2112717790336,34.018972209507695,20,1,75.23,3,76.45,64.87,68.89,100.0,69.24,78.41
36.55104477510336,33.980323511222835,60,1,69.11,3,70.88,69.14,66.7,100.0,0.0,84.66
36.49615627557403,33.71291221776374,40,1,75.42,3,77.88,81.87,54.29,100.0,61.79,85.68
36.43102122609648,33.662493455523766,20,1,68.22,3,66.91,62.2,60.81,100.0,34.37,46.08
36.68028259311889,33.90597182116007,40,1,73.88,3,73.73,63.44,69.86,100.0,91.88,30.42
36.41181261055339,33.60017057407141,40,1,50.98,2,50.66,60.0,3.45,100.0,0.0,67.97
36.1376499193161,34.55568962680453,20,1,82.67,4,80.29,67.62,100.0,100.0,100.0,0.0
36.16800590212051,34.626911870871005,10,1,92.16,4,92.94,100.0,100.0,100.0,78.8,50.59
37.01189766454951,33.51831923148445,20,1,50.5,2,50.6,57.9,0.0,100.0,0.0,82.32
36.958580690707606,33.26201125248,40,1,47.26,1,47.09,48.68,0.0,100.0,0.0,74.88
36.749707133810745,33.787807949647,30,1,52.92,2,52.6,60.0,11.03,100.0,0.0,68.43
36.31586996145952,34.52601733708921,60,1,79.45,3,78.04,60.0,100.0,100.0,78.88,21.48
37.01917637734772,34.59267818597492,10,1,80.37,4,79.82,66.71,81.4,100.0,83.44,61.13
36.82875090396579,33.47132651218568,10,1,52.83,2,53.58,79.57,0.0,100.0,0.0,47.1
36.76689018915899,34.48893744189288,30,1,73.08,3,72.16,78.52,67.66,100.0,39.83,27.02
36.499361502143785,33.43512666769509,10,1,63.18,2,64.85,67.78,15.44,100.0,92.32,64.22
36.32224156184515,33.87410014425045,30,1,76.72,3,77.68,66.84,65.0,100.0,97.98,65.78
36.1463909621535,34.84777522401907,40,1,86.34,4,86.1,64.37,100.0,100.0,100.0,67.85
36.505776289833605,33.4963417321242,20,1,54.04,2,57.1,66.6,13.37,100.0,0.0,87.72
36.25236336479523,33.92648053207487,20,1,88.27,4,90.46,72.74,98.66,100.0,100.0,89.75
36.35595662415065,34.24146964155178,40,1,87.37,4,87.91,73.87,100.0,100.0,100.0,57.5
36.62921956894189,34.74264125186121,20,1,85.88,4,86.09,70.12,100.0,100.0,100.0,50.56
36.22677278293923,34.819313832852856,40,1,88.7,4,89.41,89.74,100.0,100.0,100.0,24.88
36.90661428409237,33.36142501854623,40,1,51.32,2,50.98,54.24,16.63,92.96,0.0,69.6
36.769462955950935,34.51518075823359,10,1,62.26,2,66.67,50.26,63.37,100.0,8.91,98.59
36.4820930397751,33.683011443633376,60,1,64.24,2,64.04,45.47,61.38,100.0,7.46,93.08
36.67730884070244,34.66575849521018,60,1,86.05,4,86.49,67.72,100.0,100.0,100.0,61.73
36.634097968912734,34.31152521156654,10,1,70.62,3,71.03,69.18,71.2,100.0,34.81,39.99
36.69984660155482,33.42895168380908,40,1,54.86,2,55.67,76.02,0.0,100.0,0.0,78.64
36.13444432113989,34.58204685587841,30,1,91.09,4,90.83,88.89,92.85,100.0,100.0,59.48
36.46580740217061,33.53217020801292,20,1,56.95,2,58.8,72.36,19.59,100.0,0.0,71.91
36.09161417386189,33.92759263148745,60,1,73.89,3,76.47,65.85,67.68,100.0,57.44,90.49
36.54399081924451,34.13349588569493,10,1,81.99,4,81.02,60.0,82.23,100.0,100.0,74.68
36.379861212332784,34.051225838528445,20,1,71.23,3,71.59,64.31,39.81,100.0,100.0,73.39
36.19452418886604,34.34786066498424,10,1,90.15,4,91.28,76.43,100.0,100.0,100.0,83.53
36.15340296772255,34.29429877579081,40,1,86.72,4,86.8,77.34,94.79,100.0,100.0,48.99
36.22059296853688,34.8490750547587,40,1,83.59,4,83.71,70.93,100.0,100.0,100.0,24.35
36.97512011837679,34.076335044217025,40,1,47.93,1,48.82,53.21,0.0,100.0,28.56,49.98
36.63106113970039,33.40231853913738,10,1,46.61,1,45.48,59.26,10.8,100.0,0.0,0.0
36.39686980453484,34.41454927834995,40,1,79.15,3,79.82,57.58,86.97,100.0,100.0,58.05
36.640915491481415,34.81266252514654,30,1,88.27,4,89.1,72.72,100.0,100.0,100.0,72.87
36.07280387102969,33.759322220206435,40,1,77.68,3,77.87,80.12,65.0,100.0,100.0,25.89
37.00855921324144,33.98793421734012,40,1,56.51,2,56.27,60.41,8.33,100.0,56.55,54.11
36.5323034369429,33.92964307970473,60,1,74.5,3,74.47,64.28,73.53,100.0,72.41,45.66
36.83273522725028,33.33227064729109,40,1,50.73,2,50.98,59.4,0.0,100.0,0.0,81.62
36.13272999992243,34.32562308995751,40,1,83.82,4,84.05,73.7,84.85,100.0,100.0,57.26
36.53665833083816,33.81534031210955,40,1,62.85,2,63.4,67.53,5.81,100.0,94.52,72.38
36.54070699435452,34.5099421994104,10,1,83.56,4,84.05,72.74,80.91,100.0,100.0,70.04
36.98782645497498,34.58139212045118,40,1,76.08,3,71.8,46.64,90.98,100.0,71.86,28.77
36.62172805237607,34.563969258556554,40,1,84.22,4,84.98,82.95,100.0,100.0,47.63,53.29
36.52348940105695,33.91666559686381,40,1,80.36,4,82.24,71.45,65.0,100.0,100.0,95.57
36.31697566309189,33.76447309158544,40,1,63.59,2,63.75,69.77,8.89,100.0,77.56,78.39
36.38156899734255,34.44811324746729,30,1,78.1,3,79.06,64.28,100.0,100.0,62.82,34.96
36.57067240247154,34.53222309414836,20,1,79.94,3,79.82,75.8,87.18,100.0,100.0,2.83
36.48891146030505,34.03601191422619,10,1,84.44,4,84.84,66.91,89.03,100.0,100.0,75.08
36.071612079880325,34.67884963125809,40,1,93.19,4,93.31,93.44,100.0,100.0,100.0,52.74
36.87629192419436,33.48025391372569,60,1,39.59,1,34.4,31.33,0.0,100.0,0.0,0.0
36.94616077183976,34.65651004745434,40,1,83.72,4,83.81,57.99,100.0,100.0,100.0,64.19
36.190249088998605,33.40375237275501,40,1,54.55,2,50.57,60.0,30.28,100.0,0.0,0.0
36.60403614353905,33.49564083528738,40,1,41.41,1,40.76,33.34,0.0,100.0,0.0,57.54
36.15857574113544,34.10414402123834,10,1,77.93,3,77.11,72.1,72.71,100.0,100.0,22.99
36.72224009303981,33.35802956829986,20,1,43.67,1,41.01,45.16,0.73,100.0,0.0,22.8
36.33123378383901,33.33449136224018,20,1,65.83,3,65.11,75.2,49.78,100.0,13.28,37.74
36.7094226346919,33.25082999066513,60,1,56.79,2,48.0,47.45,40.44,93.28,0.0,0.0
36.77699461428688,33.94810665551082,10,1,67.65,3,65.6,48.79,65.0,100.0,49.57,47.53
36.81864749191765,34.48939821006757,40,1,85.94,4,85.92,71.5,93.3,100.0,100.0,61.42
36.15774094595589,33.30574136044787,30,1,58.97,2,58.08,60.0,38.8,100.0,0.0,53.8
36.96601184513761,34.29361217034537,40,1,69.91,3,70.95,69.97,34.98,100.0,79.89,82.2
36.28021399089488,34.5670037078659,20,1,82.08,4,81.76,72.54,100.0,100.0,100.0,0.0
36.087412556176176,33.51880135772459,60,1,59.96,2,60.75,62.5,12.39,100.0,58.71,80.27
36.60485246939148,33.48498197571425,30,1,49.53,1,47.37,60.0,0.0,81.52,24.88,55.78
36.42092228386244,34.627281557792855,60,1,83.58,4,83.66,73.56,100.0,100.0,100.0,15.86
36.87978974313241,34.566999375920155,40,1,74.27,3,74.18,37.65,82.35,100.0,100.0,72.95
36.858251472064296,34.1123068260227,30,1,70.63,3,71.36,58.37,87.1,100.0,2.18,68.59
36.36713889282272,34.56071980687037,40,1,90.9,4,92.25,76.61,100.0,100.0,100.0,92.65
37.00289939506974,33.39840972387919,40,1,51.29,2,51.87,60.0,0.0,100.0,0.0,88.69
36.34091783814012,33.881170428702006,10,1,84.29,4,88.06,85.29,83.18,100.0,91.62,75.18
36.56505712923171,34.430476089770195,40,1,87.41,4,89.06,73.4,91.46,100.0,100.0,91.74
36.3059650905676,33.66192313491834,40,1,64.33,2,64.0,62.22,68.61,100.0,8.19,23.64
36.98604357004896,34.453726263093685,40,1,72.03,3,71.35,48.41,62.62,100.0,100.0,61.72
36.214607817582014,34.0566857670253,40,1,87.71,4,88.49,72.27,100.0,100.0,100.0,68.05
36.09491061939232,34.45042558071717,40,1,92.47,4,92.54,80.85,100.0,100.0,100.0,82.85
36.48509706000304,33.993487420571725,30,1,74.12,3,73.55,69.98,61.13,100.0,100.0,22.74
37.04237556405583,33.838646944354906,30,1,52.43,2,52.43,65.03,19.57,100.0,0.0,30.24
36.94167726625491,33.60070274636581,20,1,49.12,1,50.17,60.0,24.99,100.0,0.0,9.26
36.79860801945695,33.58340694629602,40,1,51.36,2,51.46,60.0,0.0,100.0,0.0,84.6
36.94079249087852,34.45238529691424,20,1,71.8,3,70.88,72.04,63.13,100.0,84.41,0.43
36.94344663969786,33.44025655685434,10,1,55.05,2,55.51,48.99,33.54,100.0,0.0,74.28
36.56885836038644,33.387571760177515,40,1,60.36,2,60.27,59.08,38.59,100.0,16.53,62.47
36.36592905183079,33.53206618403541,20,1,71.57,3,73.46,82.28,56.07,100.0,33.18,64.41
36.82201243211099,33.530554418326275,10,1,66.96,3,62.12,45.84,65.0,100.0,38.44,32.76
36.42365772887371,33.88761059755874,40,1,77.52,3,76.24,77.63,92.82,100.0,47.41,0.0
36.14446666806151,34.834621531776776,40,1,87.97,4,86.1,72.47,100.0,100.0,60.43,83.13
36.79678961134902,33.46953801246498,30,1,48.25,1,47.27,68.19,7.26,100.0,0.0,0.0
36.31246051592287,34.29566372110983,40,1,77.4,3,77.94,47.66,91.77,100.0,100.0,57.05
36.98681315053378,33.967967211522,60,1,65.7,3,66.49,83.8,43.61,100.0,0.0,54.5
36.29097057500568,33.87866908271532,20,1,71.24,3,71.19,68.43,77.05,100.0,21.7,42.32
36.172757932411486,34.650134718486534,10,1,93.84,4,95.08,87.8,100.0,100.0,100.0,87.36
36.88111267212491,34.81095303332544,10,1,83.14,4,83.32,75.44,100.0,100.0,100.0,6.89
36.20328431662449,34.64657433403869,60,1,91.63,4,94.01,97.82,100.0,100.0,100.0,46.62
36.229268308157735,33.55768108645621,20,1,61.6,2,61.83,62.31,39.6,100.0,29.46,52.89
36.64938279152084,33.603276673934296,40,1,57.58,2,58.16,72.94,11.93,100.0,38.16,44.79
36.924562040837465,34.2997182065521,40,1,72.05,3,72.04,51.72,84.51,100.0,25.56,78.37
36.246434665714574,33.712533730621104,60,1,65.97,3,68.18,64.47,70.68,100.0,0.0,61.63
36.360323672900094,34.42556020924893,30,1,80.57,4,80.03,58.02,93.35,100.0,100.0,42.88
36.82740483824117,34.156273041295435,40,1,70.8,3,69.97,63.77,44.87,100.0,100.0,46.22
37.02182642606096,34.131454029584646,60,1,74.82,3,76.29,60.0,70.01,100.0,61.29,96.53
36.55074118620234,34.575675079742055,20,1,93.33,4,94.39,85.17,100.0,100.0,100.0,88.41
36.193897502551245,34.38685243478829,40,1,80.35,4,80.83,66.36,83.7,100.0,100.0,50.01
36.0639362877082,33.292524423995665,10,1,51.55,2,52.65,73.78,22.05,100.0,0.0,0.0
36.27965602999885,33.329134619433624,20,1,46.95,1,46.7,65.96,7.66,100.0,0.0,0.0
36.18182221778652,34.21249352392962,10,1,85.32,4,86.25,84.59,100.0,100.0,96.21,12.55
36.72765867361286,34.02790732099564,30,1,83.5,4,85.52,74.72,78.7,100.0,100.0,84.28
36.171832504628526,33.66629544854879,20,1,78.74,3,79.7,60.0,83.32,100.0,100.0,58.72
36.55632993162063,33.919849739703686,40,1,68.26,3,70.18,70.6,23.13,100.0,99.15,83.01
36.74426243564288,34.462656509972575,40,1,88.39,4,89.57,70.86,100.0,100.0,100.0,83.09
36.631116609220896,34.572578375452686,30,1,88.72,4,91.0,85.21,87.7,100.0,100.0,85.07
36.24977565166005,34.147956908624074,40,1,79.72,3,80.71,78.36,85.71,100.0,24.9,82.83
36.85412452618226,33.86659116937137,60,1,52.55,2,49.61,70.09,0.0,100.0,0.0,35.79
36.7654071296158,33.68311481839217,30,1,50.79,2,49.97,57.81,0.0,100.0,0.0,76.23
36.78898400391554,34.08506955323081,10,1,76.36,3,74.54,61.22,93.74,100.0,3.11,74.29
36.18105775155731,33.75359938970301,10,1,66.35,3,68.09,65.79,82.92,100.0,3.65,22.54
36.44757819382494,33.35572673747103,40,1,57.65,2,57.43,60.0,31.25,100.0,0.0,66.19
36.350948691780935,33.2517079440364,10,1,48.9,1,47.91,60.0,7.24,100.0,0.0,31.03
36.53858404535153,33.58964342214519,40,1,68.06,3,67.84,63.28,49.32,100.0,32.85,82.39
36.71286421276358,34.68121839635005,40,1,85.62,4,87.84,61.65,100.0,100.0,100.0,93.44
37.00562325704697,34.2840652211657,30,1,76.21,3,76.45,69.02,82.98,100.0,100.0,0.0
36.33644622688205,33.52513656309924,10,1,56.76,2,54.8,61.16,36.1,100.0,0.0,24.24
36.97480842931203,34.67442233891779,30,1,77.69,3,77.26,66.83,68.36,100.0,100.0,51.24
36.074859491386256,34.001929504459746,40,1,75.3,3,76.54,70.67,55.04,100.0,100.0,65.77
36.60519804232682,34.01174681068586,60,1,56.7,2,56.47,62.5,41.6,100.0,0.0,23.25
36.68397511168108,34.74686711014825,20,1,80.57,4,79.32,50.09,100.0,100.0,100.0,42.96
36.15589740375075,33.345178707493346,60,1,60.36,2,62.16,60.0,40.05,100.0,0.0,91.5
36.19033959706391,33.59428523940595,40,1,57.76,2,61.43,72.79,4.77,100.0,46.41,87.56
36.469114319316304,34.18723412024756,40,1,72.77,3,73.48,67.83,60.97,100.0,100.0,28.87
36.64604255323437,34.337243214734336,40,1,80.79,4,82.11,79.92,84.92,100.0,100.0,19.07
36.983023221600206,33.59254766293876,10,1,39.93,1,32.31,4.08,0.0,100.0,0.0,60.85
36.854360915612965,33.4086511529581,20,1,48.77,1,47.46,65.93,0.0,100.0,0.0,26.77
36.834763449252186,33.9263744548353,40,1,61.01,2,62.15,58.31,46.05,100.0,0.0,81.47
36.067836783976986,33.53182127867693,30,1,62.83,2,65.86,76.21,19.55,100.0,51.65,79.44
36.159143996765735,33.465507239877354,40,1,56.82,2,60.34,69.9,21.76,100.0,37.19,52.13
36.879428614882734,34.62645101795031,20,1,74.12,3,73.98,77.95,75.06,100.0,23.54,44.75
36.84681708832516,33.76263552575569,20,1,50.65,2,50.37,74.2,12.44,100.0,0.0,0.0
36.58076959059905,33.33843265520196,30,1,58.71,2,59.06,60.0,32.65,100.0,0.0,78.98
36.656015820700006,33.821791397603285,20,1,48.33,1,49.48,43.06,18.68,100.0,0.0,68.92
36.91773895377601,33.67369148371453,30,1,43.18,1,42.59,43.34,0.0,91.39,0.0,63.09
36.65310715733872,34.226776107746865,60,1,72.65,3,72.87,47.06,66.74,100.0,90.92,79.74
36.46257156927368,33.57862447627585,20,1,53.43,2,53.6,60.06,11.18,100.0,14.35,63.5
36.42418404340718,34.67138472490055,20,1,79.91,3,78.46,56.89,100.0,100.0,100.0,13.89
36.47588208637351,34.73746659347129,30,1,89.58,4,89.73,82.41,100.0,100.0,100.0,50.02
36.70193102557997,33.409729691482866,10,1,45.32,1,47.19,43.58,0.0,100.0,0.0,91.13
36.91749063175232,33.42184473006172,10,1,50.47,2,50.53,62.54,5.92,100.0,0.0,52.83
36.5038968820763,33.434522300977584,10,1,53.87,2,53.52,60.09,22.28,100.0,6.0,43.27
36.29783956295135,34.2413108100965,10,1,83.18,4,86.08,81.57,87.32,100.0,100.0,47.77
36.286662362997575,33.4451503427354,40,1,47.44,1,46.16,67.32,0.0,100.0,0.0,9.63
36.79601428024344,34.61381170868843,20,1,85.87,4,86.38,74.76,100.0,100.0,100.0,39.48
36.86656876342391,34.45683442390063,30,1,86.64,4,87.4,71.73,100.0,100.0,100.0,58.81
36.15527807985412,34.56169417318084,40,1,82.36,4,79.78,65.35,100.0,100.0,100.0,1.74
36.11655885695517,34.09169684301764,10,1,84.18,4,86.48,79.21,78.02,100.0,100.0,82.1
36.64443366375645,34.844683538430644,20,1,80.96,4,80.55,51.89,100.0,100.0,100.0,49.79
36.874664190456336,33.89202394269778,40,1,55.51,2,57.11,60.0,27.77,100.0,14.62,57.09
36.36033467392407,33.76829867030022,40,1,71.86,3,70.66,57.26,73.06,100.0,49.18,53.0
36.19387193297114,34.76783279794023,40,1,86.19,4,86.02,85.27,100.0,100.0,100.0,4.35
36.97097047248744,34.172977533596146,60,1,67.81,3,67.97,61.14,77.37,100.0,0.0,52.91
36.21553172273528,34.53990554471156,10,1,89.07,4,89.52,69.76,100.0,100.0,100.0,85.93
36.33472008233793,33.52254590985363,10,1,58.79,2,59.59,75.14,28.65,100.0,0.0,48.84
36.16549006366535,34.0478232750021,10,1,61.41,2,62.66,60.0,36.28,100.0,78.2,27.75
36.07114801633644,34.03987532203303,40,1,80.09,4,82.38,84.43,80.7,100.0,68.19,50.57
36.10539540916426,34.803415565673184,10,1,92.45,4,92.58,81.32,100.0,100.0,100.0,81.86
36.22464147093585,33.85917177794743,30,1,67.77,3,74.11,71.74,38.18,100.0,99.36,81.09
36.10338193262717,33.88604003928799,40,1,76.62,3,75.53,72.85,60.23,100.0,100.0,36.15
36.64114381611097,34.1856043244879,40,1,84.04,4,85.09,84.19,78.92,100.0,100.0,51.05
36.7307145267995,33.45488417687646,40,1,52.82,2,51.73,69.13,0.0,100.0,0.0,59.94
36.443630456832025,33.76373700225897,10,1,58.93,2,52.6,22.58,31.27,100.0,76.79,53.32
36.367991096952046,33.559133315912206,20,1,75.0,3,73.87,60.0,90.43,100.0,0.0,82.66
36.55452623702223,33.41525356657128,40,1,44.19,1,43.0,60.0,0.0,100.0,0.0,0.0
36.92500494223461,34.63583137012964,10,1,83.19,4,84.8,81.35,73.06,100.0,100.0,71.28
36.901131626822206,34.19292986580396,40,1,63.74,2,65.51,79.71,39.15,99.92,3.9,64.33
36.09347506201279,33.82387646644466,40,1,71.3,3,71.75,64.32,83.65,100.0,29.69,35.72
36.23149840959652,33.90387100378674,30,1,81.5,4,84.24,68.36,82.2,100.0,93.99,87.86
36.2867448711044,33.94043040589977,30,1,84.21,4,84.75,66.28,100.0,100.0,90.33,58.34
36.299387575832206,34.26303869143153,40,1,81.0,4,78.58,64.11,100.0,100.0,93.47,0.0
36.62123265174277,34.73283102638239,30,1,86.01,4,89.42,70.33,100.0,100.0,100.0,83.21
36.46626242570319,34.74244739145117,10,1,89.88,4,89.55,81.09,100.0,100.0,100.0,52.22
36.09925411992759,33.876387167249064,60,1,69.24,3,71.65,69.61,64.79,100.0,54.41,41.24
36.42361413845957,33.77681993535643,10,1,63.67,2,64.34,78.02,48.61,100.0,0.0,37.81
36.57375294871763,33.97167440029641,40,1,81.89,4,80.16,60.0,83.91,100.0,100.0,61.77
36.15167190290372,34.15869476868559,10,1,79.47,3,80.42,47.67,89.6,100.0,100.0,87.23
36.88345855378856,33.988908658319595,30,1,61.37,2,57.85,60.0,48.58,100.0,0.0,27.1
36.1019618664651,34.30400545570672,40,1,88.22,4,89.86,75.51,100.0,100.0,80.36,91.73
36.97484186901806,34.137038437407625,10,1,57.96,2,60.08,68.87,31.77,100.0,0.0,64.79
36.14911314157988,33.76314487471052,40,1,79.77,3,80.08,76.38,70.58,100.0,77.59,67.57
36.89357495159775,33.803169289220214,20,1,64.67,2,64.5,37.97,48.77,100.0,72.99,86.15
36.95265314392761,33.85574846009557,40,1,59.97,2,50.46,7.5,62.9,100.0,0.0,74.79
37.02957068058659,33.40142362919902,40,1,47.27,1,46.93,60.0,0.0,100.0,0.0,39.3
36.8520258802736,33.51570021186236,40,1,47.69,1,46.71,50.76,0.0,100.0,0.0,64.8
36.82947754077133,34.40698208343262,40,1,75.21,3,77.11,71.54,86.55,100.0,0.0,90.04
36.69248327599554,33.872554738435326,30,1,64.26,2,59.37,51.14,22.88,100.0,100.0,33.1
36.82899635457812,33.59326235609623,10,1,40.85,1,34.83,16.98,18.93,100.0,0.0,0.0
36.184552208413145,34.15027585691977,60,1,80.42,4,82.02,62.17,78.09,100.0,100.0,88.5
36.58606803594763,34.45886326795748,40,1,86.93,4,86.62,73.29,93.55,100.0,100.0,62.46
36.56422287019041,33.66187577975259,40,1,61.9,2,61.54,71.19,2.97,100.0,83.06,61.37
36.90757214412256,34.572863811077994,40,1,81.77,4,85.34,64.69,88.2,100.0,100.0,88.8
36.51279936559352,34.73400777540008,30,1,83.04,4,83.3,90.18,100.0,100.0,54.36,8.1
36.43508949610035,34.205831246518144,10,1,72.56,3,74.32,75.85,52.42,100.0,73.88,60.73
36.68956327123711,34.320316254386526,10,1,80.28,4,80.88,83.09,73.69,100.0,100.0,25.35
36.31646331750084,33.334121584516886,40,1,62.85,2,61.64,52.0,64.18,100.0,0.0,50.0
36.18976841095395,34.762831825635054,20,1,83.98,4,83.35,74.34,100.0,100.0,100.0,10.42
36.527877274023744,33.877975574823914,10,1,83.38,4,83.61,77.59,81.13,100.0,100.0,50.53
36.466889368594885,34.72824064087269,40,1,77.25,3,81.71,85.9,54.81,100.0,100.0,72.42
36.28256994052887,34.17636403960039,40,1,78.21,3,79.03,63.51,82.89,100.0,100.0,42.57
36.41751181011512,33.25739007814932,40,1,51.13,2,51.04,60.0,0.0,100.0,0.0,80.42
36.41639244982625,33.3116671989175,40,1,49.26,1,47.23,60.2,1.3,100.0,0.0,38.48
36.37749556441254,34.33867008907188,40,1,72.66,3,71.88,40.78,65.27,100.0,100.0,83.24
36.42946407972693,34.150268822131096,10,1,76.96,3,80.64,86.02,76.32,100.0,44.06,63.47
36.73574334545594,33.29245189952972,40,1,50.21,2,47.72,65.11,0.0,81.46,0.0,68.89
36.34687647457128,34.43953593795582,40,1,82.47,4,82.99,70.38,86.26,100.0,100.0,53.08
36.99885792671534,34.61343253931069,40,1,63.15,2,58.75,36.36,51.23,100.0,100.0,0.38
36.966348019538174,34.0442679719029,60,1,53.96,2,54.06,60.37,13.58,100.0,0.0,75.51
36.53091042830008,33.99521190457161,10,1,64.86,2,63.61,65.0,65.0,100.0,0.0,28.64
36.37836120500469,33.2587569741354,40,1,58.82,2,52.51,60.14,0.0,100.0,86.21,8.41
36.58543478983,34.50863953998976,20,1,85.42,4,86.36,84.37,92.12,100.0,100.0,30.15
36.89856048877362,33.77914570679377,10,1,49.22,1,49.06,54.85,9.1,100.0,0.0,53.34
36.7025873405601,34.656021791652066,40,1,92.85,4,93.91,94.68,100.0,100.0,100.0,55.08
36.85439182794708,33.84689694009288,20,1,66.69,3,66.32,58.63,60.58,100.0,9.06,76.78
36.58272227606574,34.15412465700913,10,1,78.38,3,78.5,60.0,65.38,100.0,100.0,91.57
36.68291762926762,33.68254686111892,40,1,72.58,3,72.83,77.84,66.8,100.0,18.12,59.63
36.33815561418246,33.50694130013587,30,1,52.69,2,52.08,75.47,0.0,100.0,41.37,2.96
36.78489316231029,34.489852645410124,40,1,81.76,4,80.59,72.16,95.78,100.0,100.0,0.0
36.25240459312572,34.044544766154054,10,1,72.49,3,74.63,75.37,32.23,100.0,100.0,89.57
36.744798128818495,34.1083806780036,30,1,80.58,4,79.47,69.31,94.69,100.0,100.0,0.0
36.91071906832589,34.79466552557078,40,1,85.77,4,86.62,75.19,100.0,100.0,100.0,40.64
36.18210283730154,34.79172785955545,40,1,85.46,4,86.1,71.86,100.0,100.0,100.0,45.38
36.66437974054192,34.619027394723844,40,1,81.79,4,78.35,60.0,100.0,100.0,100.0,3.45
36.77571562827142,34.20083631088253,10,1,76.74,3,78.91,74.61,52.7,100.0,100.0,83.5
36.13449321882352,34.65503587944886,30,1,94.1,4,96.63,95.75,100.0,100.0,100.0,79.03
36.1874079300378,33.411769865496936,40,1,66.83,3,65.55,60.0,41.68,100.0,74.16,47.15
36.850884176085096,34.020821682179474,40,1,63.12,2,63.24,70.74,38.79,100.0,0.0,73.24
36.64368200446635,34.15302828857469,40,1,67.93,3,66.73,75.35,49.41,100.0,56.6,11.17
36.832624104629545,34.82143087410855,10,1,79.19,3,76.61,41.37,100.0,100.0,100.0,41.95
36.845114838983086,34.22153828879052,20,1,78.3,3,81.26,94.28,77.56,100.0,45.02,40.83
36.996027062817326,33.92996701706576,40,1,66.02,3,58.84,46.03,80.14,100.0,0.0,0.0
36.30338335383919,33.84197498855552,40,1,72.14,3,74.67,67.79,77.69,100.0,0.0,99.1
36.64007589535831,33.91819086824648,40,1,70.63,3,69.79,61.88,65.0,100.0,19.05,80.69
36.66616570002412,34.52160089346812,20,1,90.55,4,91.63,78.94,100.0,100.0,100.0,79.52
36.22129130409279,34.590346973099265,40,1,84.17,4,84.47,80.14,91.4,100.0,100.0,25.78
36.57263177551312,33.28835256884473,40,1,51.85,2,51.43,66.1,8.73,100.0,0.0,44.2
36.84924471651206,33.9918811434904,30,1,70.23,3,71.66,69.2,37.73,100.0,100.0,64.68
36.54215321557543,34.35420283132554,10,1,87.98,4,88.83,85.01,96.0,100.0,100.0,43.24
36.64959344152261,33.51142672023913,10,1,58.36,2,46.51,26.37,49.04,100.0,5.68,7.73
36.9812362356901,34.319329185272245,40,1,74.11,3,76.11,48.46,75.25,100.0,100.0,77.59
36.167103565900106,34.23994364507143,40,1,87.77,4,88.34,69.61,100.0,100.0,100.0,74.6
36.137709011910765,33.314152015796445,40,1,73.85,3,72.42,60.93,53.75,100.0,100.0,57.07
36.70786328504053,33.988763515495215,30,1,72.98,3,70.49,38.0,89.57,100.0,34.39,82.55
36.46860830079038,34.0856014303718,40,1,57.77,2,57.23,54.85,7.09,100.0,100.0,39.98
36.82432141614184,33.59292224456798,10,1,52.12,2,47.83,53.58,0.0,100.0,49.44,18.16
36.72123141330859,33.473397846686595,40,1,54.47,2,54.55,60.0,7.75,100.0,32.71,63.45
36.38363775832824,33.551558884819684,20,1,65.68,3,65.28,65.56,50.03,100.0,14.02,67.03
36.94836654736153,33.80062572490136,40,1,62.79,2,63.05,48.3,66.44,100.0,0.0,69.47
36.81253214707065,33.40489623888796,40,1,53.39,2,53.53,64.27,2.31,100.0,0.0,86.72
36.32053494091017,34.76571167316737,40,1,86.89,4,87.99,84.59,100.0,100.0,94.75,31.36
36.41419201777205,33.897990498393305,40,1,70.16,3,66.72,59.2,52.1,100.0,100.0,9.33
36.36443998020426,34.5443513640108,60,1,86.38,4,86.24,68.13,91.75,100.0,100.0,78.68
36.207611648625,34.80906739697416,60,1,88.45,4,88.88,78.72,100.0,100.0,100.0,52.62
36.19778337254219,33.37917644800438,20,1,48.27,1,48.06,45.4,21.29,100.0,0.0,41.15
36.98612746337575,34.292671148695995,10,1,63.3,2,63.3,49.7,63.56,100.0,0.0,74.97
36.48790403719875,34.644254538785944,10,1,80.66,4,79.29,83.47,77.01,100.0,100.0,0.0
36.433319822777406,34.26477509434677,20,1,70.49,3,65.73,20.87,77.09,100.0,100.0,51.96
36.77968570867738,33.93644179417186,20,1,65.96,3,72.28,69.58,69.37,100.0,1.1,89.58
36.602993065252896,33.939722172220705,60,1,64.1,2,62.07,65.12,39.19,100.0,62.24,15.14
36.98613998683846,33.307438217611775,60,1,58.99,2,59.67,68.9,0.0,100.0,77.71,62.3
36.83030149390939,34.10536120206284,20,1,73.04,3,73.91,39.53,79.69,100.0,100.0,71.26
36.529369564124536,34.83966879485896,40,1,87.48,4,87.78,80.95,100.0,100.0,100.0,34.97
37.03663154492432,33.31463876614746,30,1,41.08,1,33.44,28.15,0.0,100.0,0.0,0.0
36.16847857721704,34.69478264544982,60,1,84.15,4,83.91,85.79,92.7,100.0,100.0,0.0
36.90053367919078,33.322183593134845,40,1,47.65,1,47.02,60.0,0.0,99.18,0.0,41.79
36.6870738839912,34.74739856321773,30,1,88.8,4,88.92,76.54,100.0,100.0,100.0,59.55
36.17192167833511,34.58996119006044,20,1,89.03,4,89.41,73.01,100.0,100.0,100.0,75.1
36.736096365105446,33.34571893970768,20,1,50.93,2,50.9,67.73,9.67,100.0,31.66,0.0
36.0623026858886,34.585532262923095,40,1,90.25,4,92.35,78.95,100.0,100.0,100.0,86.62
36.50431796184174,33.49921227355933,20,1,57.42,2,58.02,60.04,27.67,100.0,32.01,48.93
36.87539951119632,34.105837044761394,40,1,78.63,3,82.37,62.72,80.64,100.0,94.23,89.74
36.34535902534409,34.715191772605934,10,1,89.65,4,93.52,81.69,100.0,100.0,100.0,90.18
36.49231412706789,33.88557328235652,40,1,56.98,2,54.87,60.67,39.78,100.0,0.0,17.23
36.35192739144249,33.962025687766385,30,1,57.19,2,63.29,79.81,26.92,100.0,0.0,76.19
36.968441895515554,33.3509874731262,30,1,50.77,2,50.45,60.0,0.0,95.14,0.0,84.23
36.83129403543151,34.80000371417856,40,1,80.04,4,79.17,63.92,100.0,100.0,100.0,0.0
36.160588410996105,33.747046696129736,40,1,62.17,2,59.71,43.62,13.27,100.0,100.0,83.11
37.04703465783757,33.552981586676566,60,1,51.49,2,51.36,46.83,0.07,100.0,35.16,87.72
36.33390843786404,34.79299711182637,40,1,83.94,4,85.64,84.75,82.84,100.0,100.0,45.0
36.15641953187138,34.63768486480189,40,1,92.48,4,93.11,85.45,100.0,100.0,100.0,74.77
37.04910473047424,34.38255023104232,40,1,72.19,3,62.74,14.56,90.25,100.0,100.0,8.08
36.71568473610653,34.578030686654444,40,1,84.32,4,85.11,79.67,82.66,100.0,100.0,55.45
36.7001250155588,34.811436064588634,30,1,87.08,4,87.56,60.31,100.0,100.0,100.0,94.69
36.14044072698413,34.597447448827,40,1,88.59,4,89.37,73.2,100.0,100.0,100.0,74.1
36.94703339889662,34.759411762044564,40,1,82.45,4,81.99,67.78,100.0,100.0,100.0,16.59
36.078999503204464,33.45309641086547,30,1,68.05,3,66.03,52.07,59.35,100.0,86.03,19.66
36.29082805804114,34.52326170426716,40,1,90.35,4,91.18,80.99,96.64,100.0,100.0,77.2
36.19302187516663,34.123081110529675,30,1,72.49,3,71.84,62.65,59.53,100.0,100.0,31.61
36.82676794069221,34.119592952127775,40,1,59.28,2,59.22,64.33,13.04,100.0,53.74,62.93
36.960638227130886,34.80488610983474,10,1,85.0,4,84.88,81.43,100.0,100.0,100.0,4.54
36.70626903932749,34.37774131686909,20,1,71.58,3,70.27,60.0,78.54,100.0,0.0,76.38
36.08616271049469,34.02270142315486,40,1,89.27,4,90.38,80.17,97.25,100.0,100.0,70.15
36.055429834128695,33.98024617264295,10,1,82.03,4,82.41,87.67,88.72,100.0,85.99,3.33
36.10165791701439,33.86814633155709,20,1,65.66,3,71.95,93.7,35.35,100.0,100.0,0.0
36.65592517764773,33.82855844731626,40,1,55.32,2,55.23,46.29,46.36,100.0,23.9,23.63
36.85148181085941,33.87641094669509,10,1,56.47,2,55.16,42.52,50.02,100.0,0.0,48.95
36.28855282062739,33.39360517640191,40,1,58.85,2,58.91,67.36,25.57,100.0,49.02,24.12
36.89940884292307,33.3738977364167,10,1,66.39,3,66.7,71.51,51.29,100.0,0.0,74.22
36.107231940153255,34.4977917501957,10,1,88.25,4,88.43,77.66,97.59,100.0,100.0,57.38
36.85096385364167,33.963716628672366,30,1,68.03,3,69.32,58.94,40.23,100.0,75.52,90.3
36.97779543017228,34.739095181671395,60,1,87.0,4,87.29,68.48,97.51,100.0,100.0,73.73
36.82210839910438,34.229553613750326,40,1,74.53,3,70.66,64.22,87.95,100.0,0.0,44.09
36.74812078397864,33.30628157149507,30,1,45.26,1,44.6,47.79,0.0,100.0,0.0,52.61
36.88798021865538,33.50203734610797,30,1,53.42,2,54.25,60.0,0.0,100.0,15.9,96.59
36.09015129954707,33.579311668820814,40,1,63.86,2,65.41,67.75,32.97,100.0,52.07,66.32
36.251782110719056,34.811177639023455,40,1,88.68,4,89.04,79.01,100.0,100.0,100.0,53.33
36.17492367930564,33.59992676184262,20,1,63.57,2,65.04,60.0,29.26,100.0,95.28,51.96
36.55453099019299,34.07520908206088,20,1,60.23,2,60.44,57.51,37.54,100.0,0.0,87.98
36.79518812832884,34.74788309062431,40,1,82.56,4,83.79,79.41,87.59,100.0,100.0,30.69
36.6800118445764,34.81350836786297,40,1,83.93,4,83.35,77.82,100.0,100.0,100.0,0.0
36.20521299244109,33.328588230000065,40,1,54.94,2,53.74,66.61,12.08,100.0,0.0,57.35
36.78462109193516,33.495762932060416,40,1,41.25,1,38.64,45.45,0.0,100.0,0.0,0.0
36.2430414908689,33.35132556592409,40,1,52.85,2,53.02,68.68,0.0,100.0,0.0,74.16
36.3207587513178,33.56219878574774,40,1,56.11,2,55.3,60.0,9.49,100.0,62.31,36.94
36.7599046972813,34.15971154352598,40,1,73.82,3,72.84,69.26,65.0,100.0,47.35,60.78
37.03020478489868,34.70991807407303,20,1,85.0,4,84.99,83.31,100.0,100.0,100.0,0.0
36.661543605977066,34.10955021391094,60,1,67.27,3,71.1,67.0,31.63,100.0,99.0,81.93
36.10450031499129,34.25158329071853,30,1,89.32,4,90.33,73.78,100.0,100.0,100.0,81.97
36.66630896992753,33.57298760257527,40,1,43.99,1,41.72,55.12,0.0,100.0,0.0,1.82
36.09235055158016,34.53093379307816,40,1,85.26,4,85.86,72.8,100.0,100.0,100.0,40.17
36.759578285100616,34.63261892670836,10,1,87.6,4,87.5,64.89,100.0,100.0,100.0,80.3
36.2231278464225,34.76814897120926,60,1,91.8,4,92.95,85.11,100.0,100.0,97.22,76.92
36.1417210058242,33.80664124121055,10,1,70.37,3,67.52,60.0,57.33,100.0,54.38,47.51
36.23353322888032,33.394926493656705,10,1,43.58,1,44.42,34.78,0.0,100.0,0.0,89.85
36.50856064245848,33.95054650508134,20,1,63.74,2,63.3,46.16,69.58,100.0,0.0,70.53
36.8340809483414,34.76310984291916,40,1,82.77,4,82.53,63.85,96.36,100.0,81.82,60.96
36.686408342107775,33.85529571579747,40,1,57.96,2,58.57,68.24,0.0,100.0,100.0,30.98
36.62241314995863,34.48323714186459,60,1,84.73,4,84.23,77.05,93.09,100.0,100.0,28.44
36.195130254665045,34.11476270747321,40,1,81.29,4,80.61,76.26,94.92,100.0,89.97,0.0
36.99602445355809,33.54249403268956,30,1,52.57,2,51.14,59.49,28.44,100.0,0.0,11.83
36.62801721580754,34.29510701603651,20,1,76.93,3,77.3,73.23,89.12,100.0,0.0,80.53
36.74977594458906,34.32656543149583,40,1,69.92,3,72.03,62.43,81.6,100.0,0.0,79.0
36.69923315524531,33.94561559489448,40,1,62.35,2,62.32,68.59,49.03,100.0,26.9,17.97
36.99059440969552,33.61583296425938,40,1,62.71,2,54.9,49.92,38.79,100.0,52.27,0.0
36.19843898992006,34.40505084722028,40,1,89.63,4,90.63,73.35,100.0,100.0,100.0,86.29
36.454034390740766,34.7486715069842,40,1,90.97,4,91.0,84.24,100.0,100.0,100.0,57.29
36.52416872948262,33.55064572645836,60,1,69.54,3,70.79,73.65,30.05,100.0,100.0,61.84
36.16921752619774,33.42169978053203,10,1,64.95,2,64.72,72.56,58.34,79.57,0.0,74.51
36.184094609872766,34.046236323784605,30,1,86.43,4,86.44,71.69,93.36,100.0,100.0,65.94
36.32807554578125,34.081279356975514,40,1,80.69,4,80.96,63.29,87.89,100.0,100.0,50.01
36.35470460376083,34.063108663645195,30,1,56.94,2,59.15,69.35,21.12,100.0,8.74,71.92
36.477903213681344,33.94866798294214,40,1,76.88,3,73.37,39.24,89.48,100.0,100.0,42.32
36.66098754703663,34.84170382852737,40,1,87.98,4,88.32,73.82,100.0,100.0,100.0,61.71
36.68462911741826,34.028048980272935,40,1,75.39,3,74.81,77.57,52.43,100.0,69.32,64.99
36.46181089658557,34.01471452918373,20,1,61.19,2,61.57,64.3,26.67,100.0,71.8,34.31
36.45878310942869,33.9248257003433,10,1,67.39,3,67.95,58.12,80.24,100.0,8.08,46.41
36.26762852669696,33.35692120752234,30,1,52.26,2,53.16,61.76,0.0,100.0,0.0,96.34
36.63830624840901,34.19873060983939,30,1,79.36,3,80.45,67.55,84.55,100.0,100.0,40.5
36.36704091131723,33.61474843555709,10,1,65.94,3,68.96,83.4,19.04,100.0,93.22,48.61
36.46840004415686,33.331333539117566,20,1,65.45,3,64.88,60.0,68.67,100.0,0.0,47.07
36.27559286820421,34.000408126420275,60,1,80.03,4,83.5,71.91,100.0,100.0,43.91,75.34
36.622457933122114,34.68480859454512,30,1,91.29,4,92.13,76.55,100.0,100.0,100.0,91.68
36.61577190043192,34.010897877172695,60,1,80.69,4,80.41,60.03,86.52,100.0,100.0,57.76
36.75200218111037,33.346529309718754,20,1,60.74,2,60.88,60.0,0.0,100.0,100.0,78.79
36.697948482201205,34.56554167375009,40,1,77.45,3,76.38,73.78,76.99,100.0,100.0,0.0
36.83743222198595,33.9350717816142,20,1,73.19,3,75.4,65.46,53.05,100.0,80.99,94.03
36.59914438359968,34.27069879079463,20,1,65.61,3,68.5,68.15,23.05,100.0,81.81,91.16
36.48141819517989,34.619966406074575,20,1,85.62,4,85.4,73.66,95.6,100.0,100.0,44.04
36.676012480941054,34.259704708595024,60,1,79.84,3,76.9,64.26,90.47,100.0,100.0,0.0
36.41065733445025,33.806277815737445,20,1,66.73,3,66.63,60.0,79.89,100.0,1.17,35.4
36.56273924460675,34.31004735098592,40,1,85.43,4,86.04,67.53,98.69,100.0,100.0,61.06
36.786705688482215,34.32496670178251,30,1,70.9,3,70.95,78.78,49.28,100.0,100.0,0.0
36.936402886723705,34.7869391400106,30,1,79.78,3,80.34,72.73,84.01,100.0,100.0,25.22
36.97105719729519,33.84345971446667,30,1,48.33,1,47.16,52.49,6.96,100.0,0.0,46.71
36.553632925183095,33.93013082802261,30,1,66.21,3,68.89,65.55,69.63,100.0,0.0,68.19
36.57027511474057,34.54939673789929,40,1,80.9,4,79.73,86.05,98.0,100.0,44.19,0.0
36.84987041076384,34.05921970358839,40,1,56.41,2,51.08,25.39,47.6,100.0,0.0,65.65
36.3644506917442,34.42851694898518,40,1,83.2,4,84.38,78.44,76.59,100.0,88.14,78.86
36.887382362345065,33.985535143125745,40,1,53.82,2,51.06,65.94,12.72,76.09,19.03,59.75
36.54414164651742,33.594792226900324,30,1,49.86,1,49.8,64.9,0.0,100.0,0.0,53.33
36.16585672433526,34.44232614844962,40,1,85.75,4,86.05,79.95,100.0,100.0,100.0,20.64
36.12205914707294,33.45984827069554,40,1,71.49,3,71.99,66.51,76.45,100.0,0.0,79.3
36.89199321103946,33.56773386165009,40,1,65.53,3,65.22,67.57,49.5,100.0,0.0,75.76
36.10556791690688,34.252919972454734,20,1,72.55,3,73.37,75.87,32.6,100.0,100.0,74.63
36.33061143613365,34.445631680307315,10,1,86.85,4,87.76,77.83,93.08,100.0,100.0,61.39
36.36389336980199,33.42715881376089,20,1,54.5,2,55.56,68.81,3.25,100.0,0.0,91.05
36.79269256672508,34.77967465523621,30,1,84.11,4,84.1,80.32,100.0,100.0,100.0,0.0
36.06468284356007,33.49707694083543,30,1,69.67,3,68.88,67.23,51.53,100.0,82.2,26.09
36.87717342452069,33.56626717160742,40,1,45.01,1,44.72,38.67,0.3,100.0,0.0,80.43
36.90654802357456,33.716127125693546,20,1,52.48,2,45.73,18.75,34.88,100.0,0.0,63.82
36.42226157319155,34.09702616644206,60,1,52.92,2,54.22,50.06,25.79,100.0,0.0,77.5
36.20361289906063,34.662520905654524,10,1,88.87,4,90.61,93.62,100.0,100.0,100.0,25.18
36.65084040794508,34.46687363636779,60,1,68.28,3,62.26,18.4,86.97,100.0,100.0,0.0
36.16967255586489,34.38305208614822,10,1,85.7,4,85.48,84.94,100.0,100.0,100.0,0.0
36.41491936107825,33.53028890856961,30,1,59.73,2,57.49,60.0,2.64,100.0,100.0,38.34
37.00842918090097,33.82229221044156,20,1,64.87,2,65.06,49.03,67.71,96.73,0.0,90.78
37.04546447258363,34.01544788173869,20,1,72.03,3,73.69,71.03,65.0,100.0,29.49,81.79
36.36096150992076,33.68748752340267,40,1,70.52,3,69.55,71.28,65.0,86.21,34.2,62.57
36.73766504916609,33.74333312632455,10,1,73.93,3,70.98,64.55,95.74,100.0,0.0,26.81
36.43784169516365,34.13038350705321,20,1,84.95,4,85.58,58.55,100.0,100.0,100.0,80.16
36.69088863458616,34.37804511443871,10,1,76.78,3,76.72,43.35,88.0,100.0,100.0,67.16
36.06072764497567,33.36189061036298,10,1,55.77,2,56.97,76.54,18.76,100.0,18.93,24.3
36.25905765860224,34.01979696282104,40,1,70.71,3,68.04,58.58,44.38,100.0,100.0,43.71
36.57508830296726,34.501537912428475,60,1,77.7,3,77.57,67.14,79.23,100.0,100.0,26.23
36.213751304258295,34.44678420632392,10,1,80.15,4,80.84,68.83,65.85,100.0,100.0,87.25
36.21590686787653,34.55411695395001,40,1,90.48,4,90.75,76.21,100.0,100.0,100.0,78.89
36.88630429055024,33.96718501307297,20,1,74.21,3,74.11,68.99,72.44,100.0,98.83,4.15
37.039133002683606,34.56289133222378,20,1,72.23,3,72.02,40.32,65.0,100.0,100.0,86.73
36.605969428028445,33.63520491394283,40,1,63.94,2,62.52,68.36,56.32,100.0,0.0,29.31
36.88906973088171,33.827296898268024,40,1,68.31,3,69.14,58.72,70.82,100.0,0.0,88.22
37.04032166432627,33.53216892226848,40,1,44.89,1,44.45,46.86,0.0,100.0,0.0,53.88
36.19159588856877,33.99797526308571,20,1,85.29,4,88.52,91.53,75.85,100.0,100.0,70.97
36.49824561325435,33.87729603586471,10,1,71.66,3,73.17,64.05,45.57,100.0,95.2,80.42
36.44257271584192,33.6354833862629,40,1,72.79,3,72.65,60.89,82.03,100.0,37.77,51.03
36.13004928364618,34.45284913476925,40,1,86.48,4,87.65,89.7,100.0,100.0,100.0,7.36
36.80533017279474,33.75215483537863,40,1,58.85,2,60.78,68.26,19.0,100.0,29.32,76.23
36.48377902732259,33.686486928233336,20,1,69.53,3,68.93,37.35,52.75,100.0,100.0,95.43
36.5193269341904,33.459424529360795,40,1,70.16,3,70.43,63.11,65.0,100.0,40.73,61.71
36.20067297381324,33.95211472288312,10,1,76.65,3,77.62,67.46,57.27,100.0,100.0,80.6
36.23092665223086,33.734743406139685,40,1,68.4,3,67.16,48.38,65.4,100.0,89.72,23.19
36.95710362215621,33.84083654614555,40,1,64.94,2,62.1,42.2,47.51,100.0,54.55,71.04
36.09464908897428,33.627595620192885,20,1,59.95,2,62.41,74.42,13.02,100.0,42.84,75.46
36.2828522849437,34.471048783711844,40,1,92.13,4,92.42,85.29,100.0,100.0,100.0,68.32
36.34205933031453,34.73800535576755,40,1,87.24,4,87.63,89.64,100.0,100.0,100.0,7.39
36.54019754240159,34.04669096446222,40,1,72.84,3,73.75,66.98,58.62,100.0,98.4,41.63
36.63644517301479,34.278797477345336,60,1,82.34,4,83.89,63.7,85.89,100.0,100.0,83.14
36.54328997585066,34.63747564257073,40,1,92.02,4,92.79,80.22,100.0,100.0,100.0,87.27
36.13411533455688,34.848127419733856,10,1,87.84,4,89.21,97.37,100.0,100.0,100.0,0.0
36.29366745405571,34.231626375567735,30,1,82.22,4,83.37,74.88,73.23,100.0,100.0,75.97
36.89358838476254,34.67364714646379,40,1,83.91,4,84.15,78.67,100.0,100.0,100.0,5.47
36.68758870047846,34.70377319448903,30,1,88.73,4,88.85,75.2,100.0,100.0,100.0,62.93
36.699149050134274,34.5163223804922,40,1,72.01,3,71.14,46.92,82.53,100.0,35.68,78.59
36.72020325535135,33.987490225716975,20,1,53.1,2,55.92,29.36,43.09,100.0,36.29,77.09
36.81290301903952,33.37984640067824,10,1,45.42,1,41.22,17.92,0.0,100.0,46.95,61.52
36.108108481721445,33.27528888870422,20,1,54.07,2,55.12,67.08,1.69,100.0,0.0,95.7
36.58952743526167,34.04090325365539,40,1,70.53,3,65.05,72.35,33.38,100.0,100.0,0.0
36.388456483297325,33.90177982058076,40,1,77.66,3,76.43,73.91,77.02,100.0,100.0,0.0
36.894478873287184,34.159067762066186,30,1,73.73,3,75.1,61.78,73.72,100.0,55.45,75.88
36.53257250858729,34.13346032528708,60,1,63.56,2,62.48,44.79,53.01,100.0,76.02,31.94
36.818627589459375,34.58858086565231,60,1,77.6,3,78.66,74.25,68.42,100.0,100.0,42.8
36.90201551688117,33.42385136521962,30,1,49.9,1,48.0,60.0,0.0,82.31,0.0,85.42
36.5547914829035,33.610284265768875,40,1,69.61,3,67.73,51.53,65.0,100.0,79.07,31.11
36.95955224387135,34.51880796633541,60,1,85.97,4,86.6,74.51,89.44,100.0,100.0,68.92
36.63712394053698,34.60653898755785,30,1,87.65,4,87.83,83.53,88.97,100.0,100.0,55.32
36.90027429883372,34.84171874179339,30,1,83.62,4,83.24,70.42,100.0,100.0,100.0,21.1
36.39059079559152,34.646659226219334,40,1,86.06,4,88.19,71.56,100.0,100.0,100.0,67.17
36.54881695853148,34.67383841131573,30,1,85.95,4,85.89,67.3,95.83,100.0,100.0,67.47
36.58141104100457,33.75295670820785,40,1,68.05,3,67.35,60.0,82.92,99.88,0.0,36.43
36.15497971589607,33.892658614415005,40,1,64.54,2,63.34,68.88,69.3,100.0,0.0,3.52
36.44855250670154,33.678936167712884,20,1,70.58,3,71.0,66.81,60.49,100.0,69.32,39.01
36.96733767255167,34.22007903710835,30,1,67.69,3,68.09,66.88,25.66,100.0,100.0,66.16
36.68083224036474,34.75208856673126,40,1,83.2,4,83.05,73.32,100.0,100.0,100.0,10.5
36.227506582436966,33.80142541841859,10,1,74.85,3,75.58,60.27,72.17,100.0,100.0,44.51
36.3888556356096,34.14120285101032,30,1,78.45,3,79.56,76.3,87.17,100.0,98.82,0.0
36.2416030096627,33.72407940872558,10,1,72.42,3,70.19,60.0,68.76,100.0,100.0,0.0
36.97746045850403,33.56229684770985,10,1,39.21,1,37.29,40.95,0.0,100.0,0.0,0.0
36.49820732825687,33.34271255126101,10,1,61.79,2,45.93,40.13,56.72,73.53,0.0,0.0
36.35753507242078,34.76886963681481,40,1,88.33,4,88.75,75.9,100.0,100.0,100.0,59.83
36.64847719155773,33.89460737361221,10,1,41.35,1,40.29,40.1,13.05,100.0,0.0,0.0
36.05731445629301,34.58459342720337,40,1,90.98,4,89.8,81.44,100.0,100.0,100.0,53.71
36.32802210660081,34.34012715630351,30,1,80.18,4,80.31,82.27,91.1,100.0,52.17,26.32
36.68376977306926,33.530739594526544,20,1,66.3,3,67.94,70.46,51.47,100.0,0.0,89.38
37.03180594754253,34.54918112241688,10,1,44.45,1,37.04,12.68,32.94,100.0,0.0,0.0
36.67035770965804,33.67353873699126,20,1,68.7,3,63.11,65.22,52.63,100.0,25.52,28.4
36.52750587362773,34.711256293923164,60,1,85.22,4,85.53,77.16,100.0,100.0,100.0,23.83
36.95332787196405,34.33433378312715,20,1,72.07,3,70.05,62.68,65.0,100.0,100.0,0.0
36.77069594671835,34.553158201649495,20,1,91.3,4,92.85,89.32,100.0,100.0,100.0,60.55
37.013211223549376,33.62641022146503,10,1,53.21,2,52.6,50.33,7.69,100.0,47.38,58.45
36.83200517073817,33.691931781530506,20,1,55.7,2,46.92,4.67,46.25,100.0,6.62,82.94
36.91680143826192,34.793230217822725,20,1,81.22,4,83.55,82.01,77.29,100.0,100.0,46.25
36.16410407118364,33.67335616855385,60,1,65.22,3,65.32,71.92,35.0,100.0,100.0,0.0
36.78241350299378,33.93793127984008,10,1,70.19,3,70.92,73.63,31.25,100.0,100.0,60.16
36.49008869952736,33.94202494918779,60,1,81.93,4,83.64,79.59,65.0,100.0,100.0,85.11
36.60310380241127,33.6548555998875,10,1,65.21,3,64.63,66.75,73.98,100.0,0.0,11.08
37.019815116705566,34.484958949166646,40,1,73.01,3,72.55,77.01,57.78,100.0,100.0,0.0
37.03457808143162,33.855308822758055,10,1,55.82,2,56.24,48.04,36.47,100.0,0.0,77.05
36.33822824548791,34.58620126572917,40,1,84.79,4,85.02,73.99,100.0,100.0,100.0,28.21
36.78375349743792,33.590919895038404,20,1,62.28,2,60.94,29.54,34.01,100.0,100.0,85.74
36.39649286131304,34.163867779289184,40,1,84.55,4,85.77,69.38,100.0,100.0,100.0,49.57
36.827343127529176,33.582796917933535,20,1,41.02,1,40.08,43.72,0.0,100.0,0.0,19.7
36.5396997418169,34.08026342797933,30,1,76.56,3,75.16,59.95,100.0,100.0,35.79,35.99
37.03554016949492,34.54590517831179,40,1,82.8,4,85.25,81.61,89.64,100.0,48.79,84.79
36.51497345619365,33.39246720812009,30,1,63.27,2,61.65,60.0,23.71,100.0,52.18,75.02
37.02791697907384,33.88237544601423,40,1,54.83,2,48.15,36.26,10.13,100.0,84.4,13.03
36.46157600219406,34.44532128100782,20,1,87.41,4,88.1,78.09,96.05,100.0,100.0,56.59
36.84368215055997,33.844469133450175,40,1,76.11,3,76.18,59.97,78.08,100.0,73.6,63.14
36.13481927231183,33.55213827276102,30,1,61.34,2,59.67,72.15,36.6,100.0,38.72,0.0
36.60546171013776,33.56279332383454,10,1,50.05,2,51.87,59.04,12.17,100.0,10.16,50.96
36.85205978698572,33.906078059063994,60,1,70.47,3,70.74,70.34,45.18,100.0,49.94,83.48
36.87258309061743,34.62890306850562,30,1,86.9,4,87.9,83.41,77.32,100.0,100.0,85.48
36.08697072720117,34.27760386970879,10,1,92.55,4,94.56,96.45,100.0,100.0,100.0,56.3
36.42270234130673,34.354643127224804,40,1,82.6,4,82.35,72.68,83.93,100.0,100.0,45.62
36.09869847231385,34.822779474457455,20,1,88.81,4,89.52,89.65,100.0,100.0,100.0,26.24
36.15928229111456,33.908949504481555,40,1,76.85,3,79.63,71.33,77.07,100.0,51.02,88.62
36.725305628667485,33.895367045198604,40,1,83.12,4,85.45,70.71,78.29,100.0,100.0,96.62
36.763258196311696,34.7273551483613,20,1,91.41,4,92.77,77.11,100.0,100.0,100.0,96.42
36.82372068275162,33.64340093920809,20,1,52.55,2,47.59,45.38,26.92,100.0,22.41,0.0
36.91545654805566,34.41770439408459,10,1,73.29,3,71.65,48.37,92.33,100.0,0.0,90.57
36.78943146847651,34.45731702114902,30,1,80.89,4,80.82,81.18,96.73,100.0,72.86,0.0
36.85087159210663,33.40646079591271,40,1,44.62,1,42.52,52.42,0.0,100.0,10.76,7.19
36.09896370982327,33.99917024910974,10,1,80.43,4,81.26,66.88,72.57,100.0,100.0,80.6
36.28453515044129,33.57089995411449,60,1,54.13,2,54.75,67.6,0.0,100.0,0.0,94.71
36.67189777337524,33.54660043648398,40,1,70.51,3,67.89,61.19,58.5,100.0,45.45,53.66
36.90812530462482,33.992124976740605,20,1,67.56,3,67.81,57.51,73.6,100.0,0.0,71.52
36.05450012493966,33.713087532012906,40,1,78.49,3,73.81,75.21,65.0,100.0,100.0,0.0
36.56462934211635,34.52369671620139,30,1,82.5,4,83.3,79.18,79.77,100.0,100.0,46.03
36.72728739936439,34.70216782622477,30,1,87.03,4,87.36,84.87,85.22,100.0,100.0,55.9
36.07960728912861,34.534352968461384,40,1,90.72,4,90.74,81.46,100.0,100.0,100.0,62.98
36.45135555755338,33.675649396194665,10,1,64.67,2,60.62,60.0,59.93,100.0,0.0,26.38
36.9456348813837,33.688615029901776,20,1,45.09,1,46.22,35.7,18.43,100.0,0.0,59.02
36.72161280885586,33.657565360187945,10,1,62.49,2,56.65,38.99,79.82,100.0,0.0,0.0
36.28765836336059,33.466060953689976,10,1,72.21,3,72.79,67.8,47.51,100.0,64.81,90.95
36.90278112963191,34.76007738896594,40,1,85.79,4,86.36,72.48,100.0,100.0,80.03,66.12
36.903344671144055,33.6095031592734,40,1,50.45,2,50.03,65.57,0.0,100.0,13.63,40.01
36.64032025088314,33.888712484252466,40,1,57.68,2,58.78,60.0,25.87,100.0,16.47,76.68
36.44694006774783,33.30618689777547,20,1,54.77,2,56.03,60.66,11.91,100.0,0.0,98.58
36.93655756217186,34.27280054456988,10,1,76.81,3,76.4,56.45,88.64,100.0,75.1,47.94
36.23759368193949,34.50264843867476,10,1,81.2,4,81.39,91.1,71.6,100.0,100.0,11.62
36.13481159123576,33.587495021581944,60,1,65.34,3,65.14,66.23,64.2,100.0,0.0,42.16
36.39192693854566,34.71783294282583,40,1,92.44,4,95.21,84.92,100.0,100.0,100.0,97.28
36.76763914764157,34.611595392083466,60,1,81.95,4,82.87,73.83,87.14,100.0,100.0,39.4
36.85743160597628,34.60740920649773,10,1,76.55,3,76.35,34.87,92.83,100.0,100.0,76.83
37.04874337006676,33.61425783487874,40,1,43.19,1,37.85,19.95,0.0,79.37,43.86,66.1
36.34636205701116,33.33085758184009,20,1,64.1,2,63.26,71.52,43.17,100.0,0.0,60.11
36.45794195113128,34.637877663172134,30,1,92.77,4,92.96,81.38,100.0,100.0,100.0,85.5
36.186821278029626,33.739280365981706,60,1,74.28,3,74.56,60.0,70.5,100.0,61.81,77.54
36.62487192962303,34.24026620987764,30,1,83.61,4,84.06,72.62,100.0,100.0,100.0,22.73
37.04758003726291,34.465947013921166,40,1,72.01,3,66.08,52.39,52.34,100.0,100.0,22.82
36.75088101012066,33.45526921361779,60,1,69.59,3,70.92,67.38,65.99,100.0,0.0,92.1
36.442369092921794,34.75161833433771,10,1,82.8,4,82.62,69.86,100.0,100.0,100.0,16.64
36.96529876028555,34.41539994519425,10,1,75.36,3,75.47,77.79,75.01,100.0,32.27,51.5
36.546916596130345,33.95595639756889,60,1,69.09,3,70.6,73.32,51.21,100.0,62.87,45.17
36.184366913313056,34.65268502200273,40,1,92.86,4,93.84,82.33,100.0,100.0,100.0,91.39
36.41537846319913,34.093932208116094,40,1,78.34,3,76.7,89.16,59.82,100.0,100.0,0.0
36.117166668847766,34.44163348450681,10,1,86.14,4,89.5,83.45,84.17,100.0,100.0,84.16
36.25197903768878,34.562809510173764,10,1,88.7,4,88.85,73.65,100.0,100.0,100.0,67.54
36.06766878099991,34.44896457871841,60,1,85.99,4,86.51,83.01,100.0,100.0,100.0,16.09
36.50327991650016,33.710567801677044,40,1,63.25,2,61.06,63.84,38.99,100.0,71.56,0.0
36.68454026495179,33.43855024144933,40,1,54.23,2,53.48,71.41,2.15,100.0,0.0,65.26
36.3932924623789,33.631341646979294,20,1,54.86,2,52.06,68.27,0.0,100.0,65.83,0.0
36.47038177150528,34.054599899168565,20,1,78.94,3,80.13,73.74,76.66,100.0,88.32,50.16
37.00920927284457,34.058443075668954,40,1,54.89,2,54.05,50.4,33.96,100.0,0.0,54.42
36.59085663694495,33.882162940076626,20,1,67.63,3,67.46,59.69,31.42,100.0,100.0,66.95
36.33454087511182,34.509026210320044,30,1,83.97,4,81.79,69.28,85.33,100.0,100.0,46.78
36.94699679877299,34.711046000555534,40,1,80.24,4,80.0,73.32,78.75,100.0,100.0,33.17
36.28509711688066,33.64476008556716,10,1,54.11,2,52.99,60.97,21.26,100.0,8.35,35.44
36.37534273051667,34.42843714832302,30,1,89.11,4,89.81,76.1,100.0,100.0,100.0,69.84
36.95906481442295,34.33475496407208,40,1,80.12,4,76.77,60.0,95.06,100.0,100.0,0.0
36.57954205528507,34.08694479884691,10,1,70.43,3,70.38,68.04,72.22,100.0,15.91,53.23
36.79231794941797,33.551648374198656,40,1,45.41,1,45.31,37.37,14.18,100.0,0.0,55.59
36.640744794163766,34.52237161373234,10,1,81.18,4,81.28,45.14,97.74,100.0,100.0,83.02
36.703439209009495,34.787002057006134,40,1,85.28,4,85.8,76.61,100.0,100.0,100.0,28.13
36.37249234716866,34.8246964239168,40,1,92.94,4,93.28,81.66,100.0,100.0,100.0,87.87
36.20544156408342,33.81328107878278,40,1,75.51,3,76.73,77.51,70.99,100.0,19.96,87.33
36.924314365290805,34.27115768468214,30,1,66.26,3,64.3,60.37,41.82,100.0,64.84,42.49
36.33324693325011,34.00829238022092,40,1,76.56,3,75.68,64.1,85.78,100.0,100.0,0.0
36.611489394414384,34.82860599498117,10,1,89.67,4,91.34,88.32,94.34,100.0,100.0,62.6
36.84197442514137,33.40009251841236,40,1,53.9,2,53.92,71.5,4.75,100.0,0.0,62.81
36.83382410937571,33.90979986287556,10,1,56.71,2,58.35,76.92,30.1,100.0,0.0,27.49
36.48838625858419,34.65086247124358,30,1,79.89,3,79.78,65.95,100.0,100.0,100.0,0.0
36.52625730858672,33.704482096842426,40,1,55.34,2,55.59,58.38,23.42,100.0,0.0,72.19
37.04470174893502,34.5104685610222,40,1,70.23,3,74.08,58.96,52.47,100.0,100.0,82.76
36.72459747697902,33.86245306044841,30,1,61.9,2,62.17,76.0,33.84,100.0,0.63,58.48
36.86463844311788,34.81796566382425,40,1,86.33,4,87.7,80.31,100.0,100.0,100.0,36.1
36.95255396921923,34.66364773827793,40,1,77.24,3,80.73,68.29,62.43,100.0,100.0,96.39
36.83758983622933,33.732112572260185,60,1,56.04,2,55.67,59.38,23.92,100.0,0.0,68.78
36.235179344953565,34.482308981660566,40,1,89.32,4,89.74,78.54,100.0,100.0,100.0,61.77
36.61217073373757,33.78897047013323,20,1,82.78,4,83.78,81.01,71.61,100.0,100.0,65.75
36.702922126564,34.30356922942927,10,1,65.33,3,68.85,65.79,28.98,100.0,100.0,68.68
37.005349428187806,34.57735265453713,20,1,74.0,3,75.84,60.0,66.84,100.0,100.0,61.26
36.56273206430011,33.289121345411225,10,1,67.22,3,67.04,61.54,62.32,100.0,0.0,80.0
36.482972492867766,33.60225262584368,40,1,62.6,2,64.9,83.05,1.35,100.0,100.0,46.47
36.08584275141816,34.389068496941725,40,1,80.68,4,80.13,77.61,79.54,100.0,100.0,19.66
37.00977452232922,34.15163717915126,40,1,48.05,1,45.82,23.29,48.27,100.0,0.0,17.59
36.09107909330484,33.33833593073277,40,1,59.27,2,58.01,63.85,3.34,100.0,93.17,37.0
36.29606661150493,33.80724141353833,20,1,73.23,3,73.71,71.93,69.77,100.0,56.1,40.83
36.11553043391838,34.634160371057035,40,1,83.1,4,82.55,83.93,89.48,100.0,100.0,0.0
36.50511784241176,33.299428539257654,40,1,47.65,1,46.68,60.0,0.0,100.0,0.0,36.76
36.56608780125711,33.8842979765837,40,1,51.09,2,49.95,67.05,5.76,100.0,0.0,33.95
36.36256994902858,34.76223726027324,40,1,86.23,4,86.64,86.13,100.0,100.0,100.0,8.06
36.10096048257488,33.33140917527202,40,1,57.29,2,58.08,72.04,11.44,100.0,0.0,86.09
36.161600368249225,34.44952920167142,40,1,83.48,4,85.12,65.66,100.0,100.0,100.0,54.18
36.43450437798992,33.66218018589126,30,1,67.83,3,65.42,47.24,65.0,100.0,100.0,0.0
36.74818972560991,34.443708766334986,20,1,84.2,4,85.18,79.34,100.0,100.0,45.09,68.69
36.25702054152481,34.66712827337338,10,1,80.52,4,79.28,68.02,95.5,100.0,100.0,0.0
36.35207156878364,33.595479664690025,40,1,56.33,2,59.21,60.81,29.56,100.0,20.99,64.75
36.46660963306915,34.49683190971968,40,1,88.1,4,88.91,66.06,100.0,100.0,100.0,90.88
36.0516607076748,33.64311958879197,40,1,61.42,2,57.72,50.15,30.68,100.0,100.0,0.0
36.16207037099869,33.61919408842755,60,1,62.77,2,66.56,76.11,13.91,100.0,86.36,66.16
36.91276456374087,33.293491413596136,30,1,50.63,2,50.26,54.63,0.0,100.0,0.0,88.69
36.05123306251191,34.78362447036073,30,1,91.8,4,92.05,86.66,100.0,100.0,100.0,60.5
36.55816735581287,34.3860270080874,40,1,76.87,3,79.76,69.11,62.59,100.0,86.2,97.65
36.539502006507206,34.2668965664163,40,1,76.57,3,76.28,64.67,75.62,100.0,100.0,29.74
36.38309416101063,34.44039155631199,40,1,83.28,4,84.37,82.61,97.02,100.0,100.0,3.27
36.481327020146445,34.1005806699127,60,1,68.51,3,73.87,63.17,46.78,100.0,100.0,82.25
36.83058113752658,34.011814113744656,20,1,63.89,2,63.84,34.54,40.76,100.0,100.0,82.86
36.89120370621495,33.96925158579764,10,1,68.43,3,65.99,67.97,53.07,100.0,39.94,33.37
36.310348543415245,34.27470273936583,40,1,84.32,4,85.06,76.88,97.0,100.0,100.0,27.43
36.37249044096773,33.57245596062781,40,1,61.37,2,66.07,70.79,31.53,100.0,45.14,74.41
36.29248285302833,34.67089391202379,40,1,85.79,4,90.56,95.85,100.0,100.0,38.16,79.91
36.529863400551065,34.548803793950825,60,1,82.53,4,82.55,70.19,100.0,100.0,100.0,14.89
36.73325835765881,33.80930177832325,40,1,54.51,2,55.91,47.7,26.91,100.0,8.92,89.85
36.38073574205487,33.475643679920026,20,1,68.87,3,71.43,71.68,48.81,100.0,46.85,80.38
36.980384617589145,34.80575399669376,20,1,87.75,4,88.13,82.41,100.0,100.0,100.0,34.1
36.09856928984696,34.69462830020846,30,1,88.33,4,88.94,76.97,91.83,100.0,100.0,78.92
36.51076960523957,34.725036010398725,40,1,80.21,4,79.66,63.23,100.0,100.0,100.0,6.86
36.76155804159678,33.781460876325525,20,1,54.61,2,54.75,71.37,0.0,100.0,12.36,71.08
36.20045401155747,33.52061553181257,20,1,69.23,3,69.16,67.7,63.14,100.0,38.2,42.43
36.09737402000548,33.5888354615461,30,1,73.23,3,73.38,63.18,59.61,100.0,66.7,78.56
36.18820537163853,33.394002225672146,30,1,63.37,2,63.05,55.24,34.48,100.0,78.26,50.27
36.96882319353068,33.44217700816222,40,1,46.04,1,47.86,50.85,0.0,100.0,0.0,76.05
36.05925978182112,33.364087254695754,60,1,58.48,2,60.38,60.0,23.47,100.0,31.38,83.77
36.23832197481135,34.8337169107278,10,1,85.25,4,85.55,75.91,100.0,100.0,100.0,27.72
36.08128351290164,33.36849229339052,40,1,66.54,3,64.39,60.21,53.68,100.0,0.0,79.1
36.1606294675622,33.46206732952226,10,1,69.3,3,69.56,62.48,57.02,100.0,36.82,78.75
36.670149286628295,34.57360735294518,20,1,84.36,4,84.87,75.47,87.53,100.0,100.0,53.52
36.29163890873908,34.17838434678871,30,1,76.73,3,78.23,66.94,73.7,100.0,100.0,47.22
36.61921205043068,34.48906752731093,40,1,87.56,4,88.42,75.19,91.93,100.0,94.5,84.35
36.64019538276612,34.25945921243625,40,1,83.92,4,84.31,72.39,95.62,100.0,98.99,37.9
36.89943533308978,34.66148011252632,40,1,85.74,4,86.01,67.82,91.63,100.0,100.0,77.51
36.903369459342365,34.08540014864504,20,1,49.61,1,49.2,35.16,27.98,100.0,0.0,66.61
36.669119086426974,34.39039951001808,40,1,81.95,4,83.14,81.88,89.97,100.0,43.77,67.03
36.21274348610496,33.96582840286737,40,1,78.86,3,79.05,62.8,84.2,100.0,100.0,41.59
36.82293738813528,33.80370211664758,10,1,48.01,1,48.43,51.91,31.44,100.0,0.0,0.0
36.90549154179058,33.99824392392034,30,1,63.78,2,63.74,69.23,39.16,100.0,27.68,54.14
36.30426348375416,33.5215425681577,10,1,53.55,2,55.37,64.76,29.54,100.0,0.0,35.62
36.96879368090268,34.52451476768431,10,1,77.52,3,78.37,50.3,94.84,100.0,54.54,91.17
36.50445743029866,33.66712605013751,20,1,61.07,2,57.91,52.99,65.12,100.0,3.52,3.8
36.65342445433332,33.495650474139275,20,1,56.69,2,51.17,27.64,6.69,100.0,100.0,62.05
37.03464953361764,33.64416358685316,60,1,45.48,1,49.45,38.7,0.0,100.0,41.4,86.97
36.4115360786392,34.597312242835585,60,1,77.98,3,75.18,59.47,86.84,100.0,100.0,6.33
36.86315934582011,33.77832207295637,40,1,44.21,1,45.28,34.77,0.0,100.0,37.73,60.73
36.36839911782846,34.347679791209444,40,1,70.45,3,71.97,64.12,64.22,100.0,100.0,16.74
36.65073391886264,33.374391467080066,30,1,73.99,3,75.24,78.14,65.0,100.0,15.42,90.07
36.2663556952254,34.47403904828487,40,1,78.0,3,78.04,34.01,100.0,100.0,100.0,78.34
36.46402609378924,33.74226474620645,40,1,62.17,2,62.8,67.75,19.14,100.0,100.0,26.9
36.36763563436356,33.59659578269447,60,1,62.9,2,61.11,52.01,58.58,100.0,0.0,58.6
36.12810839308036,34.35224232392476,40,1,90.85,4,92.1,74.57,100.0,100.0,100.0,97.27
36.079834770099694,34.70567459637318,10,1,89.15,4,90.46,78.34,100.0,100.0,100.0,69.57
36.39647865540718,33.72203073393983,40,1,63.52,2,63.35,60.95,26.56,100.0,68.84,65.38
36.06903414781748,34.16013408861491,20,1,86.31,4,87.49,84.74,83.97,100.0,100.0,60.69
36.21548775758177,33.713734582159184,20,1,62.27,2,65.13,60.0,56.9,100.0,0.0,79.05
36.775183320850864,34.136856937162285,40,1,74.48,3,73.47,68.08,80.76,100.0,78.6,0.0
36.75809123568359,34.24497924904695,40,1,76.32,3,77.64,54.42,68.78,100.0,100.0,91.15
36.78858038645738,34.22653662206429,10,1,66.18,3,66.11,67.25,63.51,100.0,5.85,44.68
36.36715317112998,34.247674191428395,30,1,88.59,4,89.31,78.2,93.73,100.0,100.0,74.16
36.94001945711769,33.46612766754804,40,1,41.01,1,41.24,28.89,0.0,100.0,0.0,75.76
36.64383054802845,34.359664751338755,10,1,65.31,3,58.47,19.4,70.58,100.0,100.0,0.0
36.193718661455534,34.34214099554701,40,1,88.16,4,88.97,81.76,100.0,100.0,100.0,44.45
36.7430954269297,33.36851288438193,40,1,50.02,2,51.47,64.75,18.85,100.0,0.0,23.35
36.22294393644208,33.964942147862644,10,1,71.95,3,70.52,54.11,65.0,100.0,73.24,57.1
36.55729270158204,33.90445621127317,60,1,71.14,3,69.6,57.52,69.38,100.0,100.0,0.0
37.04177447592871,33.38873837382912,60,1,49.34,1,49.48,52.15,0.0,100.0,0.0,88.3
36.054007604733336,33.605788684634895,20,1,69.18,3,68.58,65.82,71.33,100.0,18.16,41.9
36.066579801897554,33.95554021087686,40,1,65.61,3,63.14,60.0,78.46,100.0,5.26,0.0
37.0430845819305,34.438650095772935,40,1,74.6,3,74.6,49.51,80.77,100.0,100.0,45.49
36.634638834134165,33.62929932317546,10,1,71.49,3,71.98,66.33,50.6,100.0,51.03,93.29
36.17690997551851,34.57759985619986,40,1,87.48,4,88.08,80.14,100.0,100.0,100.0,40.37
36.93038030012769,34.46667469629539,40,1,68.31,3,67.95,64.13,27.13,100.0,100.0,69.24
36.58620041311137,34.00608957333897,60,1,71.78,3,71.93,42.19,87.46,100.0,54.53,69.56
36.671792029860754,34.04871076067556,10,1,72.61,3,73.96,70.0,77.45,100.0,56.95,29.01
36.32318719150087,34.241551023007425,60,1,84.99,4,86.66,76.17,100.0,100.0,100.0,38.06
36.100519696372,34.73475297306532,60,1,84.79,4,82.76,66.96,100.0,100.0,70.83,55.86
36.64456760889086,34.036900130260655,10,1,69.26,3,70.06,71.65,23.17,100.0,100.0,77.66
36.34475519320276,34.095852060973264,40,1,83.65,4,84.29,61.45,100.0,100.0,86.52,72.01
36.71362104666035,34.21319514164405,40,1,75.26,3,77.05,60.0,62.92,100.0,100.0,83.25
36.8862451768426,34.43002421967636,60,1,60.94,2,67.23,65.18,35.76,100.0,43.2,94.15
36.06816054391436,33.36496053677798,10,1,64.98,2,62.01,60.0,34.55,100.0,100.0,3.75
36.64571377468573,34.07509990163516,30,1,54.16,2,54.56,65.58,16.3,100.0,31.88,26.22
36.28128053968685,34.02054654272967,40,1,64.26,2,60.66,42.51,39.08,100.0,100.0,31.43
36.9238884979038,34.72469597478011,30,1,86.16,4,86.87,78.78,100.0,100.0,100.0,32.36
36.30366450656182,34.03961052869815,40,1,90.96,4,92.23,85.94,100.0,100.0,100.0,64.47
36.66077013323542,33.99931285551093,40,1,60.09,2,60.98,70.6,5.27,100.0,66.54,68.26
36.60354084008961,34.78951998165552,60,1,87.41,4,87.15,61.55,100.0,100.0,100.0,86.83
36.44616650005925,33.97092234176141,10,1,78.99,3,77.3,72.13,82.7,100.0,78.18,21.73
36.72762076359979,33.53941508851535,60,1,60.63,2,57.8,55.17,65.0,100.0,0.0,0.0
36.77576963471543,33.59706579648926,40,1,50.27,2,50.06,60.0,11.32,100.0,0.0,42.26
36.61693779531939,33.40230006133916,60,1,54.18,2,51.16,64.19,0.0,100.0,55.42,13.61
36.80842223718475,33.25090900681431,10,1,54.6,2,52.23,58.15,33.81,100.0,0.0,13.37
37.033417075992936,33.941113057600774,40,1,43.79,1,42.25,46.26,13.5,100.0,0.0,0.0
36.56458305188553,34.423546308479736,40,1,78.07,3,78.94,60.0,67.36,100.0,100.0,90.98
36.06246987794121,33.30143854048456,10,1,57.75,2,56.42,60.0,12.27,100.0,52.87,50.67
36.84602855631037,34.16197264575045,40,1,58.61,2,58.54,52.2,6.8,100.0,100.0,61.76
36.57023006704599,33.49685300066156,10,1,44.79,1,42.69,58.95,0.0,100.0,0.0,0.0
36.45796143036056,34.755722055623515,10,1,90.11,4,90.53,74.1,100.0,100.0,100.0,83.0
36.1440719630894,33.517783999430684,40,1,58.9,2,58.63,71.14,49.13,100.0,0.0,0.0
36.939656421675394,34.25262274831597,60,1,70.84,3,69.25,49.3,71.57,100.0,54.22,61.45
36.44500724004055,33.77198137946249,40,1,68.39,3,75.26,68.96,44.32,100.0,100.0,84.89
36.732581598209215,34.276498121542964,10,1,81.9,4,80.82,77.9,89.81,100.0,100.0,0.0
36.19937415636815,33.90961375434252,20,1,74.52,3,76.19,57.72,89.02,100.0,36.2,79.94
37.01154962954103,34.46542888369023,30,1,76.83,3,74.58,62.74,100.0,100.0,44.32,13.23
36.22844176182183,33.619086600524575,10,1,59.08,2,58.62,57.87,24.32,100.0,52.25,49.56
36.908982860557714,34.050335438901364,20,1,58.32,2,54.57,60.0,46.3,100.0,0.0,0.0
36.962582744141926,34.45974903634057,10,1,85.59,4,86.46,67.46,100.0,100.0,100.0,62.26
36.2621474075233,34.60956830624197,40,1,85.85,4,85.34,84.48,100.0,100.0,100.0,0.0
36.51980088817483,34.84812577752769,10,1,88.63,4,89.67,86.64,100.0,100.0,100.0,36.81
36.78349490456283,33.60831306495033,30,1,50.35,2,50.53,66.8,0.0,100.0,0.0,54.91
36.9283657338108,33.70902786170153,40,1,48.57,1,48.02,61.45,0.0,97.72,0.0,50.4
36.4290526950373,33.65069293877102,10,1,53.19,2,54.5,77.57,20.61,100.0,0.0,10.8
36.56701948684943,33.67059413145565,40,1,64.51,2,64.41,52.13,64.57,100.0,12.47,63.81
36.79171641051973,34.181911586463,40,1,63.62,2,65.92,62.0,43.98,100.0,41.47,71.8
36.78113597665279,34.83963603703335,40,1,91.7,4,93.83,87.02,100.0,100.0,100.0,77.22
36.83296013002608,34.83444493934841,20,1,81.11,4,80.99,55.69,100.0,100.0,100.0,42.86
36.61993381864152,34.09283717017969,30,1,81.56,4,82.72,64.61,83.08,100.0,100.0,75.74
36.154615096804775,34.27244353642348,40,1,80.47,4,80.97,80.37,83.5,100.0,100.0,9.86
36.95397329087804,34.62595286992257,10,1,74.42,3,71.56,38.64,100.0,100.0,35.15,64.53
36.91557253932103,34.74269353352561,10,1,83.58,4,84.02,69.04,100.0,100.0,100.0,33.13
36.84809743581833,33.576177003727274,20,1,44.22,1,36.61,34.95,2.65,100.0,4.62,0.0
36.14986247716072,34.09566676630793,10,1,76.52,3,75.29,76.35,80.3,100.0,73.07,0.0
36.254397367081424,34.582539287458424,10,1,87.48,4,87.04,80.68,92.45,100.0,100.0,47.23
36.07314009458194,33.953694467968745,40,1,85.9,4,87.64,70.3,88.34,100.0,100.0,94.69
37.02922463370728,34.826993762419214,40,1,83.17,4,83.18,73.43,100.0,100.0,100.0,11.57
36.42714468035568,34.8260747147534,20,1,94.29,4,95.79,92.22,100.0,100.0,100.0,81.22
36.76931253369082,34.69977089722429,10,1,80.65,4,81.3,52.66,95.66,100.0,100.0,65.88
36.93757108848804,34.527517351724896,40,1,72.61,3,70.41,63.98,79.62,100.0,60.94,2.15
36.44462988815008,33.68060880115649,40,1,72.57,3,72.01,47.19,65.0,100.0,94.53,71.48
36.36913248859966,33.7633601185075,60,1,68.75,3,69.24,56.26,34.72,100.0,100.0,86.79
36.65874112889824,34.1256525459278,10,1,60.41,2,61.25,53.7,47.71,100.0,17.17,64.95
36.63098937374805,34.14724379929922,10,1,78.85,3,78.95,70.86,81.43,100.0,100.0,23.36
36.4591399776248,34.05880451097131,40,1,84.86,4,86.15,66.77,100.0,100.0,89.18,71.96
36.651774755867706,34.26867244786609,30,1,75.36,3,76.73,59.13,83.64,100.0,100.0,30.84
36.98538136956649,33.90331683621278,10,1,57.09,2,57.57,51.84,26.55,100.0,17.43,86.35
36.51764025662659,34.44867865170485,30,1,78.27,3,78.25,34.9,100.0,100.0,100.0,77.84
36.24674218075063,33.78367988236537,10,1,78.19,3,78.53,71.06,71.93,100.0,77.78,64.52
36.18110869302622,33.55193953604627,40,1,69.61,3,68.52,60.0,42.11,100.0,77.37,72.56
36.21287150055455,34.610833406274175,30,1,82.81,4,83.44,53.99,100.0,100.0,100.0,72.46
36.73456207339368,33.96405174172871,40,1,60.61,2,58.31,51.87,58.52,100.0,0.25,30.89
36.3894777542089,33.61458845848453,40,1,41.03,1,45.1,61.02,0.0,100.0,0.0,17.94
37.00489839185581,34.46494576003582,40,1,69.29,3,66.15,42.23,88.24,100.0,64.26,0.0
36.293596745358606,34.13636980130698,40,1,81.9,4,80.52,71.77,100.0,100.0,89.86,0.0
36.14892450510482,33.28384961827727,60,1,63.32,2,62.25,60.0,41.48,100.0,46.2,42.57
36.80350456300025,33.756178331738745,20,1,54.49,2,50.0,37.18,0.0,100.0,63.05,75.44
36.93103605191786,33.533202257794144,40,1,54.93,2,57.41,72.71,18.25,100.0,0.0,60.37
36.25208810164548,33.6900496650084,60,1,61.98,2,61.12,67.65,3.2,100.0,100.0,50.22
36.235766134871085,33.35391484673591,60,1,52.68,2,52.23,60.0,1.29,100.0,11.92,77.16
36.57201230136651,33.33789598271627,30,1,46.29,1,45.19,59.33,9.58,100.0,0.0,0.0
36.518416641246766,34.180763676733946,40,1,64.97,2,66.62,82.63,8.99,100.0,100.0,45.86
36.30943983985453,33.284757529126544,20,1,44.65,1,43.0,60.0,0.0,100.0,0.0,0.0
36.09517311698942,34.60806738101774,40,1,82.24,4,79.93,59.76,100.0,100.0,100.0,20.02
36.53149134032628,33.49863539081164,20,1,41.45,1,39.44,39.77,0.0,100.0,0.0,25.14
37.009332347635606,34.220506136312686,40,1,66.48,3,66.38,55.68,63.95,100.0,0.0,86.89
36.70251920075266,33.961500844817195,60,1,47.92,1,46.2,60.0,0.41,100.0,0.0,30.98
36.16069207402961,33.36487542777607,40,1,52.98,2,52.38,68.6,0.0,100.0,0.0,68.03
36.30243629054959,34.534403600339544,10,1,81.7,4,82.26,92.93,78.18,100.0,90.95,7.44
36.34477394957454,34.6788839756052,30,1,87.02,4,87.62,68.64,91.93,100.0,100.0,90.49
36.81480355260723,33.26762666781477,10,1,51.07,2,51.71,63.93,0.0,96.21,0.0,82.92
36.92671079726462,33.53576668111539,10,1,46.46,1,46.88,43.05,12.63,100.0,0.0,58.13
36.95164185356644,34.69624670207277,60,1,87.75,4,89.35,74.37,99.31,100.0,100.0,72.17
37.03456860825075,34.1291897804801,40,1,70.39,3,69.87,60.0,59.91,100.0,41.42,77.46
37.03236668310453,33.490063325197134,10,1,44.76,1,43.96,31.36,9.36,100.0,0.0,72.05
37.002999132767975,33.57446472417465,40,1,47.61,1,47.0,61.2,0.0,100.0,0.0,36.39
36.12182214050288,34.30597799077938,10,1,80.57,4,79.92,77.36,84.18,100.0,100.0,6.66
36.1877935359278,34.409706915594995,30,1,84.36,4,85.12,72.93,100.0,100.0,100.0,32.43
36.35446652647603,34.209082893727896,20,1,64.21,2,65.86,83.89,46.71,100.0,10.55,29.58
36.602898254064456,34.77503740786004,10,1,87.92,4,88.3,75.44,100.0,100.0,100.0,56.69
36.14697788870548,34.04050176585884,40,1,71.85,3,72.38,60.0,84.16,100.0,0.0,83.37
36.89579695780214,33.730435059428046,40,1,46.62,1,45.87,49.79,0.0,100.0,0.0,59.34
36.6667561790773,34.01357265596128,40,1,70.84,3,70.32,72.45,64.12,100.0,26.28,49.25
36.21531132336729,33.6090654282795,60,1,68.14,3,64.4,69.84,45.29,100.0,71.25,0.0
36.21031202498226,33.8135399897042,60,1,77.62,3,75.65,60.85,85.37,100.0,100.0,10.52
36.9019331577948,34.38825495633559,60,1,89.07,4,90.04,68.02,100.0,100.0,100.0,96.3
36.78512942751963,33.9526856211295,20,1,53.62,2,53.85,55.18,12.02,100.0,36.02,56.85
36.34603286291002,34.28041504231979,10,1,82.9,4,83.15,74.09,90.2,100.0,100.0,33.68
36.42125263708827,34.226646574678895,40,1,76.98,3,72.94,72.26,65.04,100.0,100.0,0.0
36.82235298767456,34.388729313471025,40,1,76.02,3,76.44,77.54,65.55,100.0,88.9,28.98
36.991538856738096,34.01003591040698,40,1,55.5,2,56.36,76.95,0.0,100.0,48.87,33.88
36.17065533744368,34.21544953198018,40,1,63.74,2,64.11,65.51,27.94,100.0,100.0,24.75
36.94612208242363,33.642905662095124,10,1,41.26,1,40.16,19.69,0.0,100.0,0.0,92.48
36.15039564564981,33.31808290823484,40,1,60.66,2,59.99,67.15,35.92,100.0,0.0,58.63
36.314539811151306,33.60774451340168,10,1,52.18,2,51.96,58.14,15.12,100.0,0.0,57.4
36.89647853606795,33.97783104277222,10,1,58.37,2,58.34,54.91,13.31,100.0,92.05,43.36
36.22949207234608,33.912288510487365,40,1,80.35,4,81.13,74.29,65.0,100.0,100.0,75.88
36.46356793130997,33.53266717012346,10,1,55.57,2,56.69,78.45,0.0,100.0,0.0,81.54
36.49985929994412,34.56906486829359,60,1,78.91,3,77.97,73.97,83.1,100.0,100.0,0.0
36.29525897302321,34.73109866997876,40,1,85.17,4,85.36,68.68,100.0,100.0,100.0,47.58
36.760245201335984,33.57215731048434,40,1,61.99,2,64.64,67.75,45.39,100.0,0.0,79.69
36.9013346494022,34.73731666490755,10,1,74.13,3,68.32,21.23,79.22,100.0,100.0,71.5
36.38932214573656,34.72993995633112,40,1,83.75,4,83.48,80.32,97.53,100.0,100.0,0.0
36.580850394287815,34.77308606412945,40,1,91.85,4,92.01,82.01,100.0,100.0,100.0,74.11
36.29840640386565,33.26928298082548,40,1,54.5,2,55.49,60.0,0.0,96.6,48.58,83.13
36.29479650155015,34.4708308748428,40,1,87.25,4,86.19,60.0,100.0,100.0,100.0,81.92
36.21125406285192,34.80232251611175,40,1,81.69,4,81.04,70.12,100.0,100.0,100.0,0.0
36.99001901080752,34.69944355010845,40,1,77.15,3,80.4,67.4,73.18,100.0,100.0,68.9
36.82735871332769,34.130517609116225,30,1,76.91,3,75.01,55.62,65.0,100.0,100.0,70.73
36.567661521287725,33.375049823816624,60,1,48.85,1,47.38,60.0,0.0,100.0,0.0,43.82
36.54060791551187,34.60966271648806,30,1,79.97,3,80.11,75.16,91.5,100.0,37.67,59.21
36.5797456661825,34.232125209294416,20,1,59.33,2,58.24,71.68,6.94,100.0,100.0,0.0
36.586568013577086,34.233578790701266,30,1,79.86,3,80.22,61.99,89.18,100.0,100.0,43.29
36.48456308469769,33.9176057757739,30,1,74.87,3,75.02,73.55,60.49,95.49,100.0,37.39
36.18175483289207,34.164947162433776,30,1,83.24,4,83.2,77.47,94.11,100.0,100.0,14.29
37.00224971584568,34.43363204250584,40,1,70.12,3,71.06,42.4,65.0,100.0,100.0,70.86
36.53203075958635,33.370027691762466,60,1,56.83,2,58.98,70.18,18.58,100.0,0.0,82.84
37.003205524905184,34.41764922727007,10,1,75.33,3,75.37,71.0,57.63,100.0,100.0,46.64
36.21357687771011,34.608365476199765,40,1,91.05,4,91.25,86.81,100.0,100.0,100.0,52.07
36.60441655203993,34.00594988410318,10,1,68.99,3,67.0,44.63,87.05,100.0,25.54,42.97
36.25771725335154,34.06572858569128,40,1,79.61,3,80.55,69.04,92.52,100.0,77.76,39.37
36.3031846061266,33.749542836675325,30,1,65.18,3,62.08,36.11,65.0,100.0,100.0,0.0
36.08005457876118,34.80113373396094,40,1,89.29,4,89.41,76.71,100.0,100.0,100.0,63.96
36.16895331074021,34.42299915929527,40,1,83.53,4,82.11,70.39,88.94,100.0,100.0,37.57
36.96684840762919,33.840381685280555,20,1,53.2,2,54.22,64.34,6.51,100.0,0.0,82.91
36.371532991482326,33.52969181797281,20,1,51.71,2,51.68,63.1,0.0,100.0,0.0,77.49
36.65812921191459,33.601327347523345,30,1,50.87,2,50.57,66.97,0.16,100.0,0.0,54.35
36.51501413198927,33.992275657776084,20,1,80.13,4,81.32,73.46,65.0,100.0,100.0,80.35
36.45045124524528,34.75810944050294,40,1,83.94,4,84.15,71.18,100.0,100.0,100.0,27.99
36.581886091346064,34.42463415321747,40,1,79.55,3,79.47,65.72,84.78,100.0,100.0,35.58
36.86830786870386,33.85512083681549,30,1,65.0,3,62.46,55.61,83.1,100.0,0.0,0.0
36.79161463273151,34.612755492404034,60,1,81.07,4,81.31,55.33,100.0,100.0,100.0,47.12
36.51875929701395,33.63671935676981,40,1,51.78,2,48.18,60.0,26.45,92.83,0.0,0.0
36.20287712212633,34.23985697909811,10,1,81.5,4,82.98,56.01,100.0,100.0,100.0,61.79
36.39138706738172,33.66263041463647,40,1,69.14,3,69.24,67.79,33.87,100.0,100.0,54.35
36.10010668969693,34.358682544937366,40,1,92.43,4,94.39,84.42,100.0,100.0,100.0,90.66
36.39240367681062,34.82970019193143,40,1,85.87,4,86.95,69.93,100.0,100.0,100.0,59.68
36.84445703049588,33.490957259588804,60,1,63.61,2,63.5,73.94,40.97,100.0,0.0,60.79
36.672708744988206,33.39144366512108,40,1,46.39,1,43.7,54.59,0.0,100.0,0.0,23.24
36.84363538386238,33.79357751639845,30,1,50.48,2,48.87,48.8,0.0,100.0,27.95,64.39
36.26195461108054,33.363991163786544,60,1,58.13,2,62.51,60.0,22.94,100.0,42.66,95.14
36.973783316093176,34.010488988613766,40,1,68.14,3,68.66,60.82,42.12,100.0,100.0,48.84
36.48798960292037,34.45603308743033,40,1,86.23,4,90.24,90.56,85.17,100.0,87.25,80.56
36.05230877258674,33.78607500400822,10,1,85.11,4,85.7,86.56,89.2,100.0,77.91,46.44
37.043368498411176,34.60311904103516,30,1,82.44,4,84.45,89.65,100.0,100.0,0.0,75.5
